Using launch settings from WebAPI\Properties\launchSettings.json...
Building...
D:\Lys\EXE\Backend\Application\Application.csproj : warning NU1903: Package 'AutoMapper' 12.0.1 has a known high severity vulnerability, https://github.com/advisories/GHSA-rvv3-g6hj-g44x [D:\Lys\EXE\Backend\WebAPI\WebAPI.csproj]
D:\Lys\EXE\Backend\Application\Application.csproj : warning NU1903: Package 'AutoMapper' 12.0.1 has a known high severity vulnerability, https://github.com/advisories/GHSA-rvv3-g6hj-g44x
info: Microsoft.EntityFrameworkCore.Database.Command[20101]
      Executed DbCommand (31ms) [Parameters=[], CommandType='Text', CommandTimeout='30']
      SELECT 1
info: Microsoft.EntityFrameworkCore.Database.Command[20101]
      Executed DbCommand (35ms) [Parameters=[], CommandType='Text', CommandTimeout='30']
      SELECT OBJECT_ID(N'[__EFMigrationsHistory]');
info: Microsoft.EntityFrameworkCore.Database.Command[20101]
      Executed DbCommand (1ms) [Parameters=[], CommandType='Text', CommandTimeout='30']
      SELECT 1
info: Microsoft.EntityFrameworkCore.Database.Command[20101]
      Executed DbCommand (1ms) [Parameters=[], CommandType='Text', CommandTimeout='30']
      SELECT OBJECT_ID(N'[__EFMigrationsHistory]');
info: Microsoft.EntityFrameworkCore.Database.Command[20101]
      Executed DbCommand (13ms) [Parameters=[], CommandType='Text', CommandTimeout='30']
      SELECT [MigrationId], [ProductVersion]
      FROM [__EFMigrationsHistory]
      ORDER BY [MigrationId];
info: Microsoft.EntityFrameworkCore.Migrations[20405]
      No migrations were applied. The database is already up to date.
info: Microsoft.EntityFrameworkCore.Database.Command[20101]
      Executed DbCommand (26ms) [Parameters=[@__normalizedName_0='?' (Size = 256)], CommandType='Text', CommandTimeout='30']
      SELECT TOP(1) [a].[Id], [a].[ConcurrencyStamp], [a].[Name], [a].[NormalizedName]
      FROM [AspNetRoles] AS [a]
      WHERE [a].[NormalizedName] = @__normalizedName_0
info: Microsoft.EntityFrameworkCore.Database.Command[20101]
      Executed DbCommand (1ms) [Parameters=[@__normalizedName_0='?' (Size = 256)], CommandType='Text', CommandTimeout='30']
      SELECT TOP(1) [a].[Id], [a].[ConcurrencyStamp], [a].[Name], [a].[NormalizedName]
      FROM [AspNetRoles] AS [a]
      WHERE [a].[NormalizedName] = @__normalizedName_0
info: Microsoft.EntityFrameworkCore.Database.Command[20101]
      Executed DbCommand (1ms) [Parameters=[@__normalizedName_0='?' (Size = 256)], CommandType='Text', CommandTimeout='30']
      SELECT TOP(1) [a].[Id], [a].[ConcurrencyStamp], [a].[Name], [a].[NormalizedName]
      FROM [AspNetRoles] AS [a]
      WHERE [a].[NormalizedName] = @__normalizedName_0
info: Microsoft.EntityFrameworkCore.Database.Command[20101]
      Executed DbCommand (9ms) [Parameters=[@__normalizedEmail_0='?' (Size = 256)], CommandType='Text', CommandTimeout='30']
      SELECT TOP(2) [a].[Id], [a].[AccessFailedCount], [a].[Address], [a].[AvatarUrl], [a].[ConcurrencyStamp], [a].[Email], [a].[EmailConfirmed], [a].[FullName], [a].[LockoutEnabled], [a].[LockoutEnd], [a].[NormalizedEmail], [a].[NormalizedUserName], [a].[PasswordHash], [a].[PhoneNumber], [a].[PhoneNumberConfirmed], [a].[SecurityStamp], [a].[TwoFactorEnabled], [a].[UserName]
      FROM [AspNetUsers] AS [a]
      WHERE [a].[NormalizedEmail] = @__normalizedEmail_0
info: Microsoft.EntityFrameworkCore.Database.Command[20101]
      Executed DbCommand (4ms) [Parameters=[@__normalizedRoleName_0='?' (Size = 256)], CommandType='Text', CommandTimeout='30']
      SELECT TOP(2) [a].[Id], [a].[ConcurrencyStamp], [a].[Name], [a].[NormalizedName]
      FROM [AspNetRoles] AS [a]
      WHERE [a].[NormalizedName] = @__normalizedRoleName_0
info: Microsoft.EntityFrameworkCore.Database.Command[20101]
      Executed DbCommand (8ms) [Parameters=[@__get_Item_0='?' (DbType = Guid), @__get_Item_1='?' (DbType = Guid)], CommandType='Text', CommandTimeout='30']
      SELECT TOP(1) [a].[UserId], [a].[RoleId]
      FROM [AspNetUserRoles] AS [a]
      WHERE [a].[UserId] = @__get_Item_0 AND [a].[RoleId] = @__get_Item_1
info: Microsoft.EntityFrameworkCore.Database.Command[20101]
      Executed DbCommand (1ms) [Parameters=[@__normalizedEmail_0='?' (Size = 256)], CommandType='Text', CommandTimeout='30']
      SELECT TOP(2) [a].[Id], [a].[AccessFailedCount], [a].[Address], [a].[AvatarUrl], [a].[ConcurrencyStamp], [a].[Email], [a].[EmailConfirmed], [a].[FullName], [a].[LockoutEnabled], [a].[LockoutEnd], [a].[NormalizedEmail], [a].[NormalizedUserName], [a].[PasswordHash], [a].[PhoneNumber], [a].[PhoneNumberConfirmed], [a].[SecurityStamp], [a].[TwoFactorEnabled], [a].[UserName]
      FROM [AspNetUsers] AS [a]
      WHERE [a].[NormalizedEmail] = @__normalizedEmail_0
info: Microsoft.EntityFrameworkCore.Database.Command[20101]
      Executed DbCommand (1ms) [Parameters=[@__normalizedRoleName_0='?' (Size = 256)], CommandType='Text', CommandTimeout='30']
      SELECT TOP(2) [a].[Id], [a].[ConcurrencyStamp], [a].[Name], [a].[NormalizedName]
      FROM [AspNetRoles] AS [a]
      WHERE [a].[NormalizedName] = @__normalizedRoleName_0
info: Microsoft.EntityFrameworkCore.Database.Command[20101]
      Executed DbCommand (1ms) [Parameters=[@__get_Item_0='?' (DbType = Guid), @__get_Item_1='?' (DbType = Guid)], CommandType='Text', CommandTimeout='30']
      SELECT TOP(1) [a].[UserId], [a].[RoleId]
      FROM [AspNetUserRoles] AS [a]
      WHERE [a].[UserId] = @__get_Item_0 AND [a].[RoleId] = @__get_Item_1
info: Microsoft.EntityFrameworkCore.Database.Command[20101]
      Executed DbCommand (9ms) [Parameters=[], CommandType='Text', CommandTimeout='30']
      SELECT CASE
          WHEN EXISTS (
              SELECT 1
              FROM [SystemSettings] AS [s]) THEN CAST(1 AS bit)
          ELSE CAST(0 AS bit)
      END
info: Microsoft.EntityFrameworkCore.Database.Command[20101]
      Executed DbCommand (4ms) [Parameters=[], CommandType='Text', CommandTimeout='30']
      SELECT CASE
          WHEN EXISTS (
              SELECT 1
              FROM [Categories] AS [c]) THEN CAST(1 AS bit)
          ELSE CAST(0 AS bit)
      END
info: Microsoft.EntityFrameworkCore.Database.Command[20101]
      Executed DbCommand (7ms) [Parameters=[], CommandType='Text', CommandTimeout='30']
      SELECT CASE
          WHEN EXISTS (
              SELECT 1
              FROM [Books] AS [b]) THEN CAST(1 AS bit)
          ELSE CAST(0 AS bit)
      END
info: Microsoft.EntityFrameworkCore.Database.Command[20101]
      Executed DbCommand (8ms) [Parameters=[], CommandType='Text', CommandTimeout='30']
      SELECT CASE
          WHEN EXISTS (
              SELECT 1
              FROM [Vouchers] AS [v]
              WHERE [v].[Code] = N'WELCOME10') THEN CAST(1 AS bit)
          ELSE CAST(0 AS bit)
      END
warn: Microsoft.AspNetCore.StaticFiles.StaticFileMiddleware[16]
      The WebRootPath was not found: D:\Lys\EXE\Backend\WebAPI\wwwroot. Static files may be unavailable.
info: Microsoft.Hosting.Lifetime[14]
      Now listening on: http://localhost:5131
info: Microsoft.Hosting.Lifetime[0]
      Application started. Press Ctrl+C to shut down.
info: Microsoft.Hosting.Lifetime[0]
      Hosting environment: Development
info: Microsoft.Hosting.Lifetime[0]
      Content root path: D:\Lys\EXE\Backend\WebAPI
info: Microsoft.EntityFrameworkCore.Database.Command[20101]
      Executed DbCommand (6ms) [Parameters=[@__normalizedEmail_0='?' (Size = 256)], CommandType='Text', CommandTimeout='30']
      SELECT TOP(2) [a].[Id], [a].[AccessFailedCount], [a].[Address], [a].[AvatarUrl], [a].[ConcurrencyStamp], [a].[Email], [a].[EmailConfirmed], [a].[FullName], [a].[LockoutEnabled], [a].[LockoutEnd], [a].[NormalizedEmail], [a].[NormalizedUserName], [a].[PasswordHash], [a].[PhoneNumber], [a].[PhoneNumberConfirmed], [a].[SecurityStamp], [a].[TwoFactorEnabled], [a].[UserName]
      FROM [AspNetUsers] AS [a]
      WHERE [a].[NormalizedEmail] = @__normalizedEmail_0
info: Microsoft.EntityFrameworkCore.Database.Command[20101]
      Executed DbCommand (5ms) [Parameters=[@__userId_0='?' (DbType = Guid)], CommandType='Text', CommandTimeout='30']
      SELECT [a0].[Name]
      FROM [AspNetUserRoles] AS [a]
      INNER JOIN [AspNetRoles] AS [a0] ON [a].[RoleId] = [a0].[Id]
      WHERE [a].[UserId] = @__userId_0
info: Microsoft.EntityFrameworkCore.Database.Command[20101]
      Executed DbCommand (9ms) [Parameters=[], CommandType='Text', CommandTimeout='30']
      SELECT [o].[Id], [o].[Status], [o].[TotalAmount], [o].[OrderDate]
      FROM [Orders] AS [o]
info: Microsoft.EntityFrameworkCore.Database.Command[20101]
      Executed DbCommand (6ms) [Parameters=[], CommandType='Text', CommandTimeout='30']
      SELECT [o].[ProductName], [o].[ProductTypeText], [o].[Quantity], [o].[Price], [o0].[Status] AS [OrderStatus]
      FROM [OrderItems] AS [o]
      INNER JOIN [Orders] AS [o0] ON [o].[OrderId] = [o0].[Id]
info: Microsoft.EntityFrameworkCore.Database.Command[20101]
      Executed DbCommand (7ms) [Parameters=[], CommandType='Text', CommandTimeout='30']
      SELECT [b].[Stock], [b].[IsActive], [b].[ApprovalStatus], [c].[Name] AS [Category]
      FROM [Books] AS [b]
      INNER JOIN [Categories] AS [c] ON [b].[CategoryId] = [c].[Id]
info: Microsoft.EntityFrameworkCore.Database.Command[20101]
      Executed DbCommand (6ms) [Parameters=[], CommandType='Text', CommandTimeout='30']
      SELECT [a].[Stock], [a].[IsActive], [a].[ApprovalStatus], [a0].[Name] AS [Category]
      FROM [Accessories] AS [a]
      INNER JOIN [AccessoryTypes] AS [a0] ON [a].[TypeId] = [a0].[Id]
info: Microsoft.EntityFrameworkCore.Database.Command[20101]
      Executed DbCommand (3ms) [Parameters=[], CommandType='Text', CommandTimeout='30']
      SELECT [b].[Status], [b].[ProposedPrice], [b].[ApprovedPrice]
      FROM [BuybackRequests] AS [b]
info: Microsoft.EntityFrameworkCore.Database.Command[20101]
      Executed DbCommand (4ms) [Parameters=[@__normalizedRoleName_0='?' (Size = 256)], CommandType='Text', CommandTimeout='30']
      SELECT TOP(2) [a].[Id], [a].[ConcurrencyStamp], [a].[Name], [a].[NormalizedName]
      FROM [AspNetRoles] AS [a]
      WHERE [a].[NormalizedName] = @__normalizedRoleName_0
info: Microsoft.EntityFrameworkCore.Database.Command[20101]
      Executed DbCommand (11ms) [Parameters=[@__role_Id_0='?' (DbType = Guid)], CommandType='Text', CommandTimeout='30']
      SELECT [a0].[Id], [a0].[AccessFailedCount], [a0].[Address], [a0].[AvatarUrl], [a0].[ConcurrencyStamp], [a0].[Email], [a0].[EmailConfirmed], [a0].[FullName], [a0].[LockoutEnabled], [a0].[LockoutEnd], [a0].[NormalizedEmail], [a0].[NormalizedUserName], [a0].[PasswordHash], [a0].[PhoneNumber], [a0].[PhoneNumberConfirmed], [a0].[SecurityStamp], [a0].[TwoFactorEnabled], [a0].[UserName]
      FROM [AspNetUserRoles] AS [a]
      INNER JOIN [AspNetUsers] AS [a0] ON [a].[UserId] = [a0].[Id]
      WHERE [a].[RoleId] = @__role_Id_0
info: Microsoft.EntityFrameworkCore.Database.Command[20101]
      Executed DbCommand (1ms) [Parameters=[@__normalizedRoleName_0='?' (Size = 256)], CommandType='Text', CommandTimeout='30']
      SELECT TOP(2) [a].[Id], [a].[ConcurrencyStamp], [a].[Name], [a].[NormalizedName]
      FROM [AspNetRoles] AS [a]
      WHERE [a].[NormalizedName] = @__normalizedRoleName_0
info: Microsoft.EntityFrameworkCore.Database.Command[20101]
      Executed DbCommand (1ms) [Parameters=[@__role_Id_0='?' (DbType = Guid)], CommandType='Text', CommandTimeout='30']
      SELECT [a0].[Id], [a0].[AccessFailedCount], [a0].[Address], [a0].[AvatarUrl], [a0].[ConcurrencyStamp], [a0].[Email], [a0].[EmailConfirmed], [a0].[FullName], [a0].[LockoutEnabled], [a0].[LockoutEnd], [a0].[NormalizedEmail], [a0].[NormalizedUserName], [a0].[PasswordHash], [a0].[PhoneNumber], [a0].[PhoneNumberConfirmed], [a0].[SecurityStamp], [a0].[TwoFactorEnabled], [a0].[UserName]
      FROM [AspNetUserRoles] AS [a]
      INNER JOIN [AspNetUsers] AS [a0] ON [a].[UserId] = [a0].[Id]
      WHERE [a].[RoleId] = @__role_Id_0
info: Microsoft.EntityFrameworkCore.Database.Command[20101]
      Executed DbCommand (0ms) [Parameters=[@__normalizedRoleName_0='?' (Size = 256)], CommandType='Text', CommandTimeout='30']
      SELECT TOP(2) [a].[Id], [a].[ConcurrencyStamp], [a].[Name], [a].[NormalizedName]
      FROM [AspNetRoles] AS [a]
      WHERE [a].[NormalizedName] = @__normalizedRoleName_0
info: Microsoft.EntityFrameworkCore.Database.Command[20101]
      Executed DbCommand (0ms) [Parameters=[@__role_Id_0='?' (DbType = Guid)], CommandType='Text', CommandTimeout='30']
      SELECT [a0].[Id], [a0].[AccessFailedCount], [a0].[Address], [a0].[AvatarUrl], [a0].[ConcurrencyStamp], [a0].[Email], [a0].[EmailConfirmed], [a0].[FullName], [a0].[LockoutEnabled], [a0].[LockoutEnd], [a0].[NormalizedEmail], [a0].[NormalizedUserName], [a0].[PasswordHash], [a0].[PhoneNumber], [a0].[PhoneNumberConfirmed], [a0].[SecurityStamp], [a0].[TwoFactorEnabled], [a0].[UserName]
      FROM [AspNetUserRoles] AS [a]
      INNER JOIN [AspNetUsers] AS [a0] ON [a].[UserId] = [a0].[Id]
      WHERE [a].[RoleId] = @__role_Id_0
info: Microsoft.EntityFrameworkCore.Database.Command[20101]
      Executed DbCommand (7ms) [Parameters=[@__customerId_0='?' (DbType = Guid)], CommandType='Text', CommandTimeout='30']
      SELECT [w].[Id], [w].[AccessoryId], [w].[BookId], [w].[CustomerId], [w].[UserId]
      FROM [WishlistItems] AS [w]
      WHERE [w].[CustomerId] = @__customerId_0
info: Microsoft.EntityFrameworkCore.Database.Command[20101]
      Executed DbCommand (7ms) [Parameters=[], CommandType='Text', CommandTimeout='30']
      SELECT [b].[Id]
      FROM [BuybackRequests] AS [b]
      WHERE [b].[Status] = 0
      ORDER BY [b].[CreatedAt] DESC
info: Microsoft.EntityFrameworkCore.Database.Command[20101]
      Executed DbCommand (10ms) [Parameters=[], CommandType='Text', CommandTimeout='30']
      SELECT [b].[Id], [b].[ApprovalStatus], [b].[AuthorName], [b].[CategoryId], [b].[Code], [b].[Condition], [b].[CreatedAt], [b].[CreatedBy], [b].[CreatedByName], [b].[CreatedByRole], [b].[Description], [b].[Featured], [b].[ImageUrl], [b].[ImportTicketId], [b].[IsActive], [b].[Language], [b].[OriginalPrice], [b].[Pages], [b].[Price], [b].[Publisher], [b].[RejectionNote], [b].[Seller], [b].[SellerNote], [b].[Stock], [b].[Title], [b].[Year], [c].[Id], [c].[Code], [c].[Description], [c].[Name]
      FROM [Books] AS [b]
      INNER JOIN [Categories] AS [c] ON [b].[CategoryId] = [c].[Id]
      ORDER BY [b].[CreatedAt] DESC
info: Microsoft.EntityFrameworkCore.Database.Command[20101]
      Executed DbCommand (7ms) [Parameters=[], CommandType='Text', CommandTimeout='30']
      SELECT [a].[Id], [a].[ApprovalStatus], [a].[BrandId], [a].[CreatedBy], [a].[CreatedByName], [a].[CreatedByRole], [a].[Description], [a].[ImageUrl], [a].[ImportTicketId], [a].[IsActive], [a].[Name], [a].[OriginalPrice], [a].[Price], [a].[RejectionNote], [a].[Stock], [a].[TypeId], [b].[Id], [b].[Description], [b].[Name], [a0].[Id], [a0].[Description], [a0].[Name]
      FROM [Accessories] AS [a]
      INNER JOIN [Brands] AS [b] ON [a].[BrandId] = [b].[Id]
      INNER JOIN [AccessoryTypes] AS [a0] ON [a].[TypeId] = [a0].[Id]
      ORDER BY [a].[Name]
info: Microsoft.EntityFrameworkCore.Database.Command[20101]
      Executed DbCommand (8ms) [Parameters=[], CommandType='Text', CommandTimeout='30']
      SELECT [o].[Id], [o].[CancellationReason], [o].[CancelledAt], [o].[CustomerId], [o].[Discount], [o].[Notes], [o].[OrderDate], [o].[PaymentMethod], [o].[ReceiverEmail], [o].[ReceiverName], [o].[ReceiverPhone], [o].[ReturnReason], [o].[ReturnReasonDetail], [o].[ReturnRequestedAt], [o].[ReturnReviewNote], [o].[ReturnReviewedAt], [o].[ShippingAddress], [o].[ShippingFee], [o].[Status], [o].[TotalAmount], [o].[VoucherId], [o0].[Id], [o0].[AccessoryId], [o0].[Author], [o0].[BlindBoxGenre], [o0].[BlindBoxTier], [o0].[BookId], [o0].[Brand], [o0].[Category], [o0].[OrderId], [o0].[Price], [o0].[ProductImage], [o0].[ProductName], [o0].[ProductTypeText], [o0].[Quantity]
      FROM [Orders] AS [o]
      LEFT JOIN [OrderItems] AS [o0] ON [o].[Id] = [o0].[OrderId]
      ORDER BY [o].[OrderDate] DESC, [o].[Id]
info: Microsoft.EntityFrameworkCore.Database.Command[20101]
      Executed DbCommand (1ms) [Parameters=[@__customerId_0='?' (DbType = Guid)], CommandType='Text', CommandTimeout='30']
      SELECT [w].[Id], [w].[AccessoryId], [w].[BookId], [w].[CustomerId], [w].[UserId]
      FROM [WishlistItems] AS [w]
      WHERE [w].[CustomerId] = @__customerId_0
info: Microsoft.EntityFrameworkCore.Database.Command[20101]
      Executed DbCommand (6ms) [Parameters=[@__item_BookId_Value_0='?' (DbType = Guid)], CommandType='Text', CommandTimeout='30']
      SELECT TOP(1) [b].[Id], [b].[ApprovalStatus], [b].[AuthorName], [b].[CategoryId], [b].[Code], [b].[Condition], [b].[CreatedAt], [b].[CreatedBy], [b].[CreatedByName], [b].[CreatedByRole], [b].[Description], [b].[Featured], [b].[ImageUrl], [b].[ImportTicketId], [b].[IsActive], [b].[Language], [b].[OriginalPrice], [b].[Pages], [b].[Price], [b].[Publisher], [b].[RejectionNote], [b].[Seller], [b].[SellerNote], [b].[Stock], [b].[Title], [b].[Year], [c].[Id], [c].[Code], [c].[Description], [c].[Name]
      FROM [Books] AS [b]
      INNER JOIN [Categories] AS [c] ON [b].[CategoryId] = [c].[Id]
      WHERE [b].[Id] = @__item_BookId_Value_0
info: Microsoft.EntityFrameworkCore.Database.Command[20101]
      Executed DbCommand (6ms) [Parameters=[], CommandType='Text', CommandTimeout='30']
      SELECT [b].[Id], [b].[ApprovalStatus], [b].[AuthorName], [b].[CategoryId], [b].[Code], [b].[Condition], [b].[CreatedAt], [b].[CreatedBy], [b].[CreatedByName], [b].[CreatedByRole], [b].[Description], [b].[Featured], [b].[ImageUrl], [b].[ImportTicketId], [b].[IsActive], [b].[Language], [b].[OriginalPrice], [b].[Pages], [b].[Price], [b].[Publisher], [b].[RejectionNote], [b].[Seller], [b].[SellerNote], [b].[Stock], [b].[Title], [b].[Year], [c].[Id], [c].[Code], [c].[Description], [c].[Name]
      FROM [Books] AS [b]
      INNER JOIN [Categories] AS [c] ON [b].[CategoryId] = [c].[Id]
      WHERE [b].[IsActive] = CAST(1 AS bit)
      ORDER BY [b].[CreatedAt] DESC
info: Microsoft.EntityFrameworkCore.Database.Command[20101]
      Executed DbCommand (1ms) [Parameters=[], CommandType='Text', CommandTimeout='30']
      SELECT [b].[Id], [b].[ApprovalStatus], [b].[AuthorName], [b].[CategoryId], [b].[Code], [b].[Condition], [b].[CreatedAt], [b].[CreatedBy], [b].[CreatedByName], [b].[CreatedByRole], [b].[Description], [b].[Featured], [b].[ImageUrl], [b].[ImportTicketId], [b].[IsActive], [b].[Language], [b].[OriginalPrice], [b].[Pages], [b].[Price], [b].[Publisher], [b].[RejectionNote], [b].[Seller], [b].[SellerNote], [b].[Stock], [b].[Title], [b].[Year], [c].[Id], [c].[Code], [c].[Description], [c].[Name]
      FROM [Books] AS [b]
      INNER JOIN [Categories] AS [c] ON [b].[CategoryId] = [c].[Id]
      WHERE [b].[IsActive] = CAST(1 AS bit)
      ORDER BY [b].[CreatedAt] DESC
info: Microsoft.EntityFrameworkCore.Database.Command[20101]
      Executed DbCommand (1ms) [Parameters=[@__customerId_0='?' (DbType = Guid)], CommandType='Text', CommandTimeout='30']
      SELECT [w].[Id], [w].[AccessoryId], [w].[BookId], [w].[CustomerId], [w].[UserId]
      FROM [WishlistItems] AS [w]
      WHERE [w].[CustomerId] = @__customerId_0
info: Microsoft.EntityFrameworkCore.Database.Command[20101]
      Executed DbCommand (1ms) [Parameters=[@__item_BookId_Value_0='?' (DbType = Guid)], CommandType='Text', CommandTimeout='30']
      SELECT TOP(1) [b].[Id], [b].[ApprovalStatus], [b].[AuthorName], [b].[CategoryId], [b].[Code], [b].[Condition], [b].[CreatedAt], [b].[CreatedBy], [b].[CreatedByName], [b].[CreatedByRole], [b].[Description], [b].[Featured], [b].[ImageUrl], [b].[ImportTicketId], [b].[IsActive], [b].[Language], [b].[OriginalPrice], [b].[Pages], [b].[Price], [b].[Publisher], [b].[RejectionNote], [b].[Seller], [b].[SellerNote], [b].[Stock], [b].[Title], [b].[Year], [c].[Id], [c].[Code], [c].[Description], [c].[Name]
      FROM [Books] AS [b]
      INNER JOIN [Categories] AS [c] ON [b].[CategoryId] = [c].[Id]
      WHERE [b].[Id] = @__item_BookId_Value_0
info: Microsoft.EntityFrameworkCore.Database.Command[20101]
      Executed DbCommand (1ms) [Parameters=[@__customerId_0='?' (DbType = Guid)], CommandType='Text', CommandTimeout='30']
      SELECT [w].[Id], [w].[AccessoryId], [w].[BookId], [w].[CustomerId], [w].[UserId]
      FROM [WishlistItems] AS [w]
      WHERE [w].[CustomerId] = @__customerId_0
info: Microsoft.EntityFrameworkCore.Database.Command[20101]
      Executed DbCommand (1ms) [Parameters=[], CommandType='Text', CommandTimeout='30']
      SELECT [b].[Id]
      FROM [BuybackRequests] AS [b]
      WHERE [b].[Status] = 0
      ORDER BY [b].[CreatedAt] DESC
info: Microsoft.EntityFrameworkCore.Database.Command[20101]
      Executed DbCommand (1ms) [Parameters=[], CommandType='Text', CommandTimeout='30']
      SELECT [a].[Id], [a].[ApprovalStatus], [a].[BrandId], [a].[CreatedBy], [a].[CreatedByName], [a].[CreatedByRole], [a].[Description], [a].[ImageUrl], [a].[ImportTicketId], [a].[IsActive], [a].[Name], [a].[OriginalPrice], [a].[Price], [a].[RejectionNote], [a].[Stock], [a].[TypeId], [b].[Id], [b].[Description], [b].[Name], [a0].[Id], [a0].[Description], [a0].[Name]
      FROM [Accessories] AS [a]
      INNER JOIN [Brands] AS [b] ON [a].[BrandId] = [b].[Id]
      INNER JOIN [AccessoryTypes] AS [a0] ON [a].[TypeId] = [a0].[Id]
      ORDER BY [a].[Name]
info: Microsoft.EntityFrameworkCore.Database.Command[20101]
      Executed DbCommand (1ms) [Parameters=[], CommandType='Text', CommandTimeout='30']
      SELECT [o].[Id], [o].[CancellationReason], [o].[CancelledAt], [o].[CustomerId], [o].[Discount], [o].[Notes], [o].[OrderDate], [o].[PaymentMethod], [o].[ReceiverEmail], [o].[ReceiverName], [o].[ReceiverPhone], [o].[ReturnReason], [o].[ReturnReasonDetail], [o].[ReturnRequestedAt], [o].[ReturnReviewNote], [o].[ReturnReviewedAt], [o].[ShippingAddress], [o].[ShippingFee], [o].[Status], [o].[TotalAmount], [o].[VoucherId], [o0].[Id], [o0].[AccessoryId], [o0].[Author], [o0].[BlindBoxGenre], [o0].[BlindBoxTier], [o0].[BookId], [o0].[Brand], [o0].[Category], [o0].[OrderId], [o0].[Price], [o0].[ProductImage], [o0].[ProductName], [o0].[ProductTypeText], [o0].[Quantity]
      FROM [Orders] AS [o]
      LEFT JOIN [OrderItems] AS [o0] ON [o].[Id] = [o0].[OrderId]
      ORDER BY [o].[OrderDate] DESC, [o].[Id]
info: Microsoft.EntityFrameworkCore.Database.Command[20101]
      Executed DbCommand (1ms) [Parameters=[], CommandType='Text', CommandTimeout='30']
      SELECT [b].[Id], [b].[ApprovalStatus], [b].[AuthorName], [b].[CategoryId], [b].[Code], [b].[Condition], [b].[CreatedAt], [b].[CreatedBy], [b].[CreatedByName], [b].[CreatedByRole], [b].[Description], [b].[Featured], [b].[ImageUrl], [b].[ImportTicketId], [b].[IsActive], [b].[Language], [b].[OriginalPrice], [b].[Pages], [b].[Price], [b].[Publisher], [b].[RejectionNote], [b].[Seller], [b].[SellerNote], [b].[Stock], [b].[Title], [b].[Year], [c].[Id], [c].[Code], [c].[Description], [c].[Name]
      FROM [Books] AS [b]
      INNER JOIN [Categories] AS [c] ON [b].[CategoryId] = [c].[Id]
      ORDER BY [b].[CreatedAt] DESC
info: Microsoft.EntityFrameworkCore.Database.Command[20101]
      Executed DbCommand (2ms) [Parameters=[], CommandType='Text', CommandTimeout='30']
      SELECT [b].[Id], [b].[ApprovalStatus], [b].[AuthorName], [b].[CategoryId], [b].[Code], [b].[Condition], [b].[CreatedAt], [b].[CreatedBy], [b].[CreatedByName], [b].[CreatedByRole], [b].[Description], [b].[Featured], [b].[ImageUrl], [b].[ImportTicketId], [b].[IsActive], [b].[Language], [b].[OriginalPrice], [b].[Pages], [b].[Price], [b].[Publisher], [b].[RejectionNote], [b].[Seller], [b].[SellerNote], [b].[Stock], [b].[Title], [b].[Year], [c].[Id], [c].[Code], [c].[Description], [c].[Name]
      FROM [Books] AS [b]
      INNER JOIN [Categories] AS [c] ON [b].[CategoryId] = [c].[Id]
      WHERE [b].[IsActive] = CAST(1 AS bit)
      ORDER BY [b].[CreatedAt] DESC
info: Microsoft.EntityFrameworkCore.Database.Command[20101]
      Executed DbCommand (7ms) [Parameters=[@__customerId_0='?' (DbType = Guid)], CommandType='Text', CommandTimeout='30']
      SELECT [s].[Id], [s].[AccessoryId], [s].[AddedAt], [s].[BookId], [s].[CustomerId], [s].[Quantity]
      FROM [ShoppingCartItems] AS [s]
      WHERE [s].[CustomerId] = @__customerId_0
      ORDER BY [s].[AddedAt] DESC
warn: Microsoft.EntityFrameworkCore.Query[10103]
      The query uses the 'First'/'FirstOrDefault' operator without 'OrderBy' and filter operators. This may lead to unpredictable results.
info: Microsoft.EntityFrameworkCore.Database.Command[20101]
      Executed DbCommand (4ms) [Parameters=[], CommandType='Text', CommandTimeout='30']
      SELECT TOP(1) [s].[Id], [s].[ShippingFee]
      FROM [SystemSettings] AS [s]
info: Microsoft.EntityFrameworkCore.Database.Command[20101]
      Executed DbCommand (3ms) [Parameters=[@__productId_0='?' (DbType = Guid)], CommandType='Text', CommandTimeout='30']
      SELECT TOP(1) [b].[Id], [b].[ApprovalStatus], [b].[AuthorName], [b].[CategoryId], [b].[Code], [b].[Condition], [b].[CreatedAt], [b].[CreatedBy], [b].[CreatedByName], [b].[CreatedByRole], [b].[Description], [b].[Featured], [b].[ImageUrl], [b].[ImportTicketId], [b].[IsActive], [b].[Language], [b].[OriginalPrice], [b].[Pages], [b].[Price], [b].[Publisher], [b].[RejectionNote], [b].[Seller], [b].[SellerNote], [b].[Stock], [b].[Title], [b].[Year]
      FROM [Books] AS [b]
      WHERE [b].[Id] = @__productId_0
info: Microsoft.EntityFrameworkCore.Database.Command[20101]
      Executed DbCommand (37ms) [Parameters=[@p1='?' (DbType = Guid), @p0='?' (DbType = Int32), @p2='?' (DbType = Guid), @p3='?' (Size = 4000), @p4='?' (DbType = DateTime2), @p5='?' (DbType = Guid), @p6='?' (Precision = 18) (Scale = 2) (DbType = Decimal), @p7='?' (Size = 4000), @p8='?' (DbType = DateTime2), @p9='?' (DbType = Int32), @p10='?' (Size = 4000), @p11='?' (Size = 4000), @p12='?' (Size = 4000), @p13='?' (Size = 4000), @p14='?' (Size = 4000), @p15='?' (DbType = DateTime2), @p16='?' (Size = 4000), @p17='?' (DbType = DateTime2), @p18='?' (Size = 4000), @p19='?' (Precision = 18) (Scale = 2) (DbType = Decimal), @p20='?' (DbType = Int32), @p21='?' (Precision = 18) (Scale = 2) (DbType = Decimal), @p22='?' (DbType = Guid), @p23='?' (DbType = Guid), @p24='?' (DbType = Guid), @p25='?' (Size = 4000), @p26='?' (Size = 4000), @p27='?' (DbType = Int32), @p28='?' (DbType = Guid), @p29='?' (Size = 4000), @p30='?' (Size = 4000), @p31='?' (DbType = Guid), @p32='?' (Precision = 18) (Scale = 2) (DbType = Decimal), @p33='?' (Size = 4000), @p34='?' (Size = 4000), @p35='?' (Size = 4000), @p36='?' (DbType = Int32)], CommandType='Text', CommandTimeout='30']
      SET NOCOUNT ON;
      UPDATE [Books] SET [Stock] = @p0
      OUTPUT 1
      WHERE [Id] = @p1;
      INSERT INTO [Orders] ([Id], [CancellationReason], [CancelledAt], [CustomerId], [Discount], [Notes], [OrderDate], [PaymentMethod], [ReceiverEmail], [ReceiverName], [ReceiverPhone], [ReturnReason], [ReturnReasonDetail], [ReturnRequestedAt], [ReturnReviewNote], [ReturnReviewedAt], [ShippingAddress], [ShippingFee], [Status], [TotalAmount], [VoucherId])
      VALUES (@p2, @p3, @p4, @p5, @p6, @p7, @p8, @p9, @p10, @p11, @p12, @p13, @p14, @p15, @p16, @p17, @p18, @p19, @p20, @p21, @p22);
      INSERT INTO [OrderItems] ([Id], [AccessoryId], [Author], [BlindBoxGenre], [BlindBoxTier], [BookId], [Brand], [Category], [OrderId], [Price], [ProductImage], [ProductName], [ProductTypeText], [Quantity])
      VALUES (@p23, @p24, @p25, @p26, @p27, @p28, @p29, @p30, @p31, @p32, @p33, @p34, @p35, @p36);
info: Microsoft.EntityFrameworkCore.Database.Command[20101]
      Executed DbCommand (5ms) [Parameters=[@__customerId_0='?' (DbType = Guid), @__p_1='?' (DbType = Guid)], CommandType='Text', CommandTimeout='30']
      SELECT TOP(1) [s].[Id], [s].[AccessoryId], [s].[AddedAt], [s].[BookId], [s].[CustomerId], [s].[Quantity]
      FROM [ShoppingCartItems] AS [s]
      WHERE [s].[CustomerId] = @__customerId_0 AND [s].[BookId] = @__p_1 AND [s].[AccessoryId] IS NULL
info: Microsoft.EntityFrameworkCore.Database.Command[20101]
      Executed DbCommand (4ms) [Parameters=[@__customerId_0='?' (DbType = Guid)], CommandType='Text', CommandTimeout='30']
      SELECT [s].[Id], [s].[AccessoryId], [s].[AddedAt], [s].[BookId], [s].[CustomerId], [s].[Quantity]
      FROM [ShoppingCartItems] AS [s]
      WHERE [s].[CustomerId] = @__customerId_0
      ORDER BY [s].[AddedAt] DESC
info: Microsoft.EntityFrameworkCore.Database.Command[20101]
      Executed DbCommand (11ms) [Parameters=[@__customerId_0='?' (DbType = Guid)], CommandType='Text', CommandTimeout='30']
      SELECT [o].[Id], [o].[CancellationReason], [o].[CancelledAt], [o].[CustomerId], [o].[Discount], [o].[Notes], [o].[OrderDate], [o].[PaymentMethod], [o].[ReceiverEmail], [o].[ReceiverName], [o].[ReceiverPhone], [o].[ReturnReason], [o].[ReturnReasonDetail], [o].[ReturnRequestedAt], [o].[ReturnReviewNote], [o].[ReturnReviewedAt], [o].[ShippingAddress], [o].[ShippingFee], [o].[Status], [o].[TotalAmount], [o].[VoucherId], [o0].[Id], [o0].[AccessoryId], [o0].[Author], [o0].[BlindBoxGenre], [o0].[BlindBoxTier], [o0].[BookId], [o0].[Brand], [o0].[Category], [o0].[OrderId], [o0].[Price], [o0].[ProductImage], [o0].[ProductName], [o0].[ProductTypeText], [o0].[Quantity]
      FROM [Orders] AS [o]
      LEFT JOIN [OrderItems] AS [o0] ON [o].[Id] = [o0].[OrderId]
      WHERE [o].[CustomerId] = @__customerId_0
      ORDER BY [o].[OrderDate] DESC, [o].[Id]
info: Microsoft.EntityFrameworkCore.Database.Command[20101]
      Executed DbCommand (7ms) [Parameters=[], CommandType='Text', CommandTimeout='30']
      SELECT [b].[Id], [b].[ApprovalStatus], [b].[AuthorName], [b].[CategoryId], [b].[Code], [b].[Condition], [b].[CreatedAt], [b].[CreatedBy], [b].[CreatedByName], [b].[CreatedByRole], [b].[Description], [b].[Featured], [b].[ImageUrl], [b].[ImportTicketId], [b].[IsActive], [b].[Language], [b].[OriginalPrice], [b].[Pages], [b].[Price], [b].[Publisher], [b].[RejectionNote], [b].[Seller], [b].[SellerNote], [b].[Stock], [b].[Title], [b].[Year], [c].[Id], [c].[Code], [c].[Description], [c].[Name]
      FROM [Books] AS [b]
      INNER JOIN [Categories] AS [c] ON [b].[CategoryId] = [c].[Id]
      ORDER BY [b].[CreatedAt] DESC
info: Microsoft.EntityFrameworkCore.Database.Command[20101]
      Executed DbCommand (83ms) [Parameters=[], CommandType='Text', CommandTimeout='30']
      SELECT [o].[Id], [o].[CancellationReason], [o].[CancelledAt], [o].[CustomerId], [o].[Discount], [o].[Notes], [o].[OrderDate], [o].[PaymentMethod], [o].[ReceiverEmail], [o].[ReceiverName], [o].[ReceiverPhone], [o].[ReturnReason], [o].[ReturnReasonDetail], [o].[ReturnRequestedAt], [o].[ReturnReviewNote], [o].[ReturnReviewedAt], [o].[ShippingAddress], [o].[ShippingFee], [o].[Status], [o].[TotalAmount], [o].[VoucherId], [o0].[Id], [o0].[AccessoryId], [o0].[Author], [o0].[BlindBoxGenre], [o0].[BlindBoxTier], [o0].[BookId], [o0].[Brand], [o0].[Category], [o0].[OrderId], [o0].[Price], [o0].[ProductImage], [o0].[ProductName], [o0].[ProductTypeText], [o0].[Quantity]
      FROM [Orders] AS [o]
      LEFT JOIN [OrderItems] AS [o0] ON [o].[Id] = [o0].[OrderId]
      ORDER BY [o].[OrderDate] DESC, [o].[Id]
info: Microsoft.EntityFrameworkCore.Database.Command[20101]
      Executed DbCommand (5ms) [Parameters=[], CommandType='Text', CommandTimeout='30']
      SELECT [b].[Id]
      FROM [BuybackRequests] AS [b]
      WHERE [b].[Status] = 0
      ORDER BY [b].[CreatedAt] DESC
info: Microsoft.EntityFrameworkCore.Database.Command[20101]
      Executed DbCommand (2ms) [Parameters=[], CommandType='Text', CommandTimeout='30']
      SELECT [o].[Id], [o].[CancellationReason], [o].[CancelledAt], [o].[CustomerId], [o].[Discount], [o].[Notes], [o].[OrderDate], [o].[PaymentMethod], [o].[ReceiverEmail], [o].[ReceiverName], [o].[ReceiverPhone], [o].[ReturnReason], [o].[ReturnReasonDetail], [o].[ReturnRequestedAt], [o].[ReturnReviewNote], [o].[ReturnReviewedAt], [o].[ShippingAddress], [o].[ShippingFee], [o].[Status], [o].[TotalAmount], [o].[VoucherId], [o0].[Id], [o0].[AccessoryId], [o0].[Author], [o0].[BlindBoxGenre], [o0].[BlindBoxTier], [o0].[BookId], [o0].[Brand], [o0].[Category], [o0].[OrderId], [o0].[Price], [o0].[ProductImage], [o0].[ProductName], [o0].[ProductTypeText], [o0].[Quantity]
      FROM [Orders] AS [o]
      LEFT JOIN [OrderItems] AS [o0] ON [o].[Id] = [o0].[OrderId]
      ORDER BY [o].[OrderDate] DESC, [o].[Id]
info: Microsoft.EntityFrameworkCore.Database.Command[20101]
      Executed DbCommand (1ms) [Parameters=[], CommandType='Text', CommandTimeout='30']
      SELECT [b].[Id], [b].[ApprovalStatus], [b].[AuthorName], [b].[CategoryId], [b].[Code], [b].[Condition], [b].[CreatedAt], [b].[CreatedBy], [b].[CreatedByName], [b].[CreatedByRole], [b].[Description], [b].[Featured], [b].[ImageUrl], [b].[ImportTicketId], [b].[IsActive], [b].[Language], [b].[OriginalPrice], [b].[Pages], [b].[Price], [b].[Publisher], [b].[RejectionNote], [b].[Seller], [b].[SellerNote], [b].[Stock], [b].[Title], [b].[Year], [c].[Id], [c].[Code], [c].[Description], [c].[Name]
      FROM [Books] AS [b]
      INNER JOIN [Categories] AS [c] ON [b].[CategoryId] = [c].[Id]
      ORDER BY [b].[CreatedAt] DESC
info: Microsoft.EntityFrameworkCore.Database.Command[20101]
      Executed DbCommand (2ms) [Parameters=[], CommandType='Text', CommandTimeout='30']
      SELECT [b].[Id]
      FROM [BuybackRequests] AS [b]
      WHERE [b].[Status] = 0
      ORDER BY [b].[CreatedAt] DESC
info: Microsoft.EntityFrameworkCore.Database.Command[20101]
      Executed DbCommand (7ms) [Parameters=[], CommandType='Text', CommandTimeout='30']
      SELECT [a].[Id], [a].[ApprovalStatus], [a].[BrandId], [a].[CreatedBy], [a].[CreatedByName], [a].[CreatedByRole], [a].[Description], [a].[ImageUrl], [a].[ImportTicketId], [a].[IsActive], [a].[Name], [a].[OriginalPrice], [a].[Price], [a].[RejectionNote], [a].[Stock], [a].[TypeId], [b].[Id], [b].[Description], [b].[Name], [a0].[Id], [a0].[Description], [a0].[Name]
      FROM [Accessories] AS [a]
      INNER JOIN [Brands] AS [b] ON [a].[BrandId] = [b].[Id]
      INNER JOIN [AccessoryTypes] AS [a0] ON [a].[TypeId] = [a0].[Id]
      ORDER BY [a].[Name]
info: Microsoft.EntityFrameworkCore.Database.Command[20101]
      Executed DbCommand (1ms) [Parameters=[], CommandType='Text', CommandTimeout='30']
      SELECT [b].[Id]
      FROM [BuybackRequests] AS [b]
      WHERE [b].[Status] = 0
      ORDER BY [b].[CreatedAt] DESC
info: Microsoft.EntityFrameworkCore.Database.Command[20101]
      Executed DbCommand (1ms) [Parameters=[], CommandType='Text', CommandTimeout='30']
      SELECT [o].[Id], [o].[CancellationReason], [o].[CancelledAt], [o].[CustomerId], [o].[Discount], [o].[Notes], [o].[OrderDate], [o].[PaymentMethod], [o].[ReceiverEmail], [o].[ReceiverName], [o].[ReceiverPhone], [o].[ReturnReason], [o].[ReturnReasonDetail], [o].[ReturnRequestedAt], [o].[ReturnReviewNote], [o].[ReturnReviewedAt], [o].[ShippingAddress], [o].[ShippingFee], [o].[Status], [o].[TotalAmount], [o].[VoucherId], [o0].[Id], [o0].[AccessoryId], [o0].[Author], [o0].[BlindBoxGenre], [o0].[BlindBoxTier], [o0].[BookId], [o0].[Brand], [o0].[Category], [o0].[OrderId], [o0].[Price], [o0].[ProductImage], [o0].[ProductName], [o0].[ProductTypeText], [o0].[Quantity]
      FROM [Orders] AS [o]
      LEFT JOIN [OrderItems] AS [o0] ON [o].[Id] = [o0].[OrderId]
      ORDER BY [o].[OrderDate] DESC, [o].[Id]
info: Microsoft.EntityFrameworkCore.Database.Command[20101]
      Executed DbCommand (1ms) [Parameters=[], CommandType='Text', CommandTimeout='30']
      SELECT [o].[Id], [o].[CancellationReason], [o].[CancelledAt], [o].[CustomerId], [o].[Discount], [o].[Notes], [o].[OrderDate], [o].[PaymentMethod], [o].[ReceiverEmail], [o].[ReceiverName], [o].[ReceiverPhone], [o].[ReturnReason], [o].[ReturnReasonDetail], [o].[ReturnRequestedAt], [o].[ReturnReviewNote], [o].[ReturnReviewedAt], [o].[ShippingAddress], [o].[ShippingFee], [o].[Status], [o].[TotalAmount], [o].[VoucherId], [o0].[Id], [o0].[AccessoryId], [o0].[Author], [o0].[BlindBoxGenre], [o0].[BlindBoxTier], [o0].[BookId], [o0].[Brand], [o0].[Category], [o0].[OrderId], [o0].[Price], [o0].[ProductImage], [o0].[ProductName], [o0].[ProductTypeText], [o0].[Quantity]
      FROM [Orders] AS [o]
      LEFT JOIN [OrderItems] AS [o0] ON [o].[Id] = [o0].[OrderId]
      ORDER BY [o].[OrderDate] DESC, [o].[Id]
info: Microsoft.EntityFrameworkCore.Database.Command[20101]
      Executed DbCommand (1ms) [Parameters=[], CommandType='Text', CommandTimeout='30']
      SELECT [b].[Id]
      FROM [BuybackRequests] AS [b]
      WHERE [b].[Status] = 0
      ORDER BY [b].[CreatedAt] DESC
info: Microsoft.EntityFrameworkCore.Database.Command[20101]
      Executed DbCommand (1ms) [Parameters=[], CommandType='Text', CommandTimeout='30']
      SELECT [a].[Id], [a].[ApprovalStatus], [a].[BrandId], [a].[CreatedBy], [a].[CreatedByName], [a].[CreatedByRole], [a].[Description], [a].[ImageUrl], [a].[ImportTicketId], [a].[IsActive], [a].[Name], [a].[OriginalPrice], [a].[Price], [a].[RejectionNote], [a].[Stock], [a].[TypeId], [b].[Id], [b].[Description], [b].[Name], [a0].[Id], [a0].[Description], [a0].[Name]
      FROM [Accessories] AS [a]
      INNER JOIN [Brands] AS [b] ON [a].[BrandId] = [b].[Id]
      INNER JOIN [AccessoryTypes] AS [a0] ON [a].[TypeId] = [a0].[Id]
      ORDER BY [a].[Name]
info: Microsoft.EntityFrameworkCore.Database.Command[20101]
      Executed DbCommand (1ms) [Parameters=[], CommandType='Text', CommandTimeout='30']
      SELECT [b].[Id], [b].[ApprovalStatus], [b].[AuthorName], [b].[CategoryId], [b].[Code], [b].[Condition], [b].[CreatedAt], [b].[CreatedBy], [b].[CreatedByName], [b].[CreatedByRole], [b].[Description], [b].[Featured], [b].[ImageUrl], [b].[ImportTicketId], [b].[IsActive], [b].[Language], [b].[OriginalPrice], [b].[Pages], [b].[Price], [b].[Publisher], [b].[RejectionNote], [b].[Seller], [b].[SellerNote], [b].[Stock], [b].[Title], [b].[Year], [c].[Id], [c].[Code], [c].[Description], [c].[Name]
      FROM [Books] AS [b]
      INNER JOIN [Categories] AS [c] ON [b].[CategoryId] = [c].[Id]
      ORDER BY [b].[CreatedAt] DESC
info: Microsoft.EntityFrameworkCore.Database.Command[20101]
      Executed DbCommand (1ms) [Parameters=[], CommandType='Text', CommandTimeout='30']
      SELECT [b].[Id]
      FROM [BuybackRequests] AS [b]
      WHERE [b].[Status] = 0
      ORDER BY [b].[CreatedAt] DESC
info: Microsoft.EntityFrameworkCore.Database.Command[20101]
      Executed DbCommand (8ms) [Parameters=[], CommandType='Text', CommandTimeout='30']
      SELECT [b].[Id], [b].[ApprovalStatus], [b].[AuthorName], [b].[CategoryId], [b].[Code], [b].[Condition], [b].[CreatedAt], [b].[CreatedBy], [b].[CreatedByName], [b].[CreatedByRole], [b].[Description], [b].[Featured], [b].[ImageUrl], [b].[ImportTicketId], [b].[IsActive], [b].[Language], [b].[OriginalPrice], [b].[Pages], [b].[Price], [b].[Publisher], [b].[RejectionNote], [b].[Seller], [b].[SellerNote], [b].[Stock], [b].[Title], [b].[Year], [c].[Id], [c].[Code], [c].[Description], [c].[Name]
      FROM [Books] AS [b]
      INNER JOIN [Categories] AS [c] ON [b].[CategoryId] = [c].[Id]
      WHERE [b].[IsActive] = CAST(1 AS bit)
      ORDER BY [b].[CreatedAt] DESC
info: Microsoft.EntityFrameworkCore.Database.Command[20101]
      Executed DbCommand (5ms) [Parameters=[@__normalizedEmail_0='?' (Size = 256)], CommandType='Text', CommandTimeout='30']
      SELECT TOP(2) [a].[Id], [a].[AccessFailedCount], [a].[Address], [a].[AvatarUrl], [a].[ConcurrencyStamp], [a].[Email], [a].[EmailConfirmed], [a].[FullName], [a].[LockoutEnabled], [a].[LockoutEnd], [a].[NormalizedEmail], [a].[NormalizedUserName], [a].[PasswordHash], [a].[PhoneNumber], [a].[PhoneNumberConfirmed], [a].[SecurityStamp], [a].[TwoFactorEnabled], [a].[UserName]
      FROM [AspNetUsers] AS [a]
      WHERE [a].[NormalizedEmail] = @__normalizedEmail_0
info: Microsoft.EntityFrameworkCore.Database.Command[20101]
      Executed DbCommand (5ms) [Parameters=[@__userId_0='?' (DbType = Guid)], CommandType='Text', CommandTimeout='30']
      SELECT [a0].[Name]
      FROM [AspNetUserRoles] AS [a]
      INNER JOIN [AspNetRoles] AS [a0] ON [a].[RoleId] = [a0].[Id]
      WHERE [a].[UserId] = @__userId_0
info: Microsoft.EntityFrameworkCore.Database.Command[20101]
      Executed DbCommand (4ms) [Parameters=[@__customerId_0='?' (DbType = Guid)], CommandType='Text', CommandTimeout='30']
      SELECT [w].[Id], [w].[AccessoryId], [w].[BookId], [w].[CustomerId], [w].[UserId]
      FROM [WishlistItems] AS [w]
      WHERE [w].[CustomerId] = @__customerId_0
info: Microsoft.EntityFrameworkCore.Database.Command[20101]
      Executed DbCommand (1ms) [Parameters=[], CommandType='Text', CommandTimeout='30']
      SELECT [a].[Id], [a].[ApprovalStatus], [a].[BrandId], [a].[CreatedBy], [a].[CreatedByName], [a].[CreatedByRole], [a].[Description], [a].[ImageUrl], [a].[ImportTicketId], [a].[IsActive], [a].[Name], [a].[OriginalPrice], [a].[Price], [a].[RejectionNote], [a].[Stock], [a].[TypeId], [b].[Id], [b].[Description], [b].[Name], [a0].[Id], [a0].[Description], [a0].[Name]
      FROM [Accessories] AS [a]
      INNER JOIN [Brands] AS [b] ON [a].[BrandId] = [b].[Id]
      INNER JOIN [AccessoryTypes] AS [a0] ON [a].[TypeId] = [a0].[Id]
      ORDER BY [a].[Name]
info: Microsoft.EntityFrameworkCore.Database.Command[20101]
      Executed DbCommand (1ms) [Parameters=[], CommandType='Text', CommandTimeout='30']
      SELECT [b].[Id], [b].[ApprovalStatus], [b].[AuthorName], [b].[CategoryId], [b].[Code], [b].[Condition], [b].[CreatedAt], [b].[CreatedBy], [b].[CreatedByName], [b].[CreatedByRole], [b].[Description], [b].[Featured], [b].[ImageUrl], [b].[ImportTicketId], [b].[IsActive], [b].[Language], [b].[OriginalPrice], [b].[Pages], [b].[Price], [b].[Publisher], [b].[RejectionNote], [b].[Seller], [b].[SellerNote], [b].[Stock], [b].[Title], [b].[Year], [c].[Id], [c].[Code], [c].[Description], [c].[Name]
      FROM [Books] AS [b]
      INNER JOIN [Categories] AS [c] ON [b].[CategoryId] = [c].[Id]
      ORDER BY [b].[CreatedAt] DESC
info: Microsoft.EntityFrameworkCore.Database.Command[20101]
      Executed DbCommand (2ms) [Parameters=[], CommandType='Text', CommandTimeout='30']
      SELECT [o].[Id], [o].[Status], [o].[TotalAmount], [o].[OrderDate]
      FROM [Orders] AS [o]
info: Microsoft.EntityFrameworkCore.Database.Command[20101]
      Executed DbCommand (6ms) [Parameters=[], CommandType='Text', CommandTimeout='30']
      SELECT [o].[ProductName], [o].[ProductTypeText], [o].[Quantity], [o].[Price], [o0].[Status] AS [OrderStatus]
      FROM [OrderItems] AS [o]
      INNER JOIN [Orders] AS [o0] ON [o].[OrderId] = [o0].[Id]
info: Microsoft.EntityFrameworkCore.Database.Command[20101]
      Executed DbCommand (4ms) [Parameters=[@__normalizedRoleName_0='?' (Size = 256)], CommandType='Text', CommandTimeout='30']
      SELECT TOP(2) [a].[Id], [a].[ConcurrencyStamp], [a].[Name], [a].[NormalizedName]
      FROM [AspNetRoles] AS [a]
      WHERE [a].[NormalizedName] = @__normalizedRoleName_0
info: Microsoft.EntityFrameworkCore.Database.Command[20101]
      Executed DbCommand (3ms) [Parameters=[@__normalizedRoleName_0='?' (Size = 256)], CommandType='Text', CommandTimeout='30']
      SELECT TOP(2) [a].[Id], [a].[ConcurrencyStamp], [a].[Name], [a].[NormalizedName]
      FROM [AspNetRoles] AS [a]
      WHERE [a].[NormalizedName] = @__normalizedRoleName_0
info: Microsoft.EntityFrameworkCore.Database.Command[20101]
      Executed DbCommand (5ms) [Parameters=[], CommandType='Text', CommandTimeout='30']
      SELECT [b].[Stock], [b].[IsActive], [b].[ApprovalStatus], [c].[Name] AS [Category]
      FROM [Books] AS [b]
      INNER JOIN [Categories] AS [c] ON [b].[CategoryId] = [c].[Id]
info: Microsoft.EntityFrameworkCore.Database.Command[20101]
      Executed DbCommand (5ms) [Parameters=[@__role_Id_0='?' (DbType = Guid)], CommandType='Text', CommandTimeout='30']
      SELECT [a0].[Id], [a0].[AccessFailedCount], [a0].[Address], [a0].[AvatarUrl], [a0].[ConcurrencyStamp], [a0].[Email], [a0].[EmailConfirmed], [a0].[FullName], [a0].[LockoutEnabled], [a0].[LockoutEnd], [a0].[NormalizedEmail], [a0].[NormalizedUserName], [a0].[PasswordHash], [a0].[PhoneNumber], [a0].[PhoneNumberConfirmed], [a0].[SecurityStamp], [a0].[TwoFactorEnabled], [a0].[UserName]
      FROM [AspNetUserRoles] AS [a]
      INNER JOIN [AspNetUsers] AS [a0] ON [a].[UserId] = [a0].[Id]
      WHERE [a].[RoleId] = @__role_Id_0
info: Microsoft.EntityFrameworkCore.Database.Command[20101]
      Executed DbCommand (6ms) [Parameters=[@__role_Id_0='?' (DbType = Guid)], CommandType='Text', CommandTimeout='30']
      SELECT [a0].[Id], [a0].[AccessFailedCount], [a0].[Address], [a0].[AvatarUrl], [a0].[ConcurrencyStamp], [a0].[Email], [a0].[EmailConfirmed], [a0].[FullName], [a0].[LockoutEnabled], [a0].[LockoutEnd], [a0].[NormalizedEmail], [a0].[NormalizedUserName], [a0].[PasswordHash], [a0].[PhoneNumber], [a0].[PhoneNumberConfirmed], [a0].[SecurityStamp], [a0].[TwoFactorEnabled], [a0].[UserName]
      FROM [AspNetUserRoles] AS [a]
      INNER JOIN [AspNetUsers] AS [a0] ON [a].[UserId] = [a0].[Id]
      WHERE [a].[RoleId] = @__role_Id_0
info: Microsoft.EntityFrameworkCore.Database.Command[20101]
      Executed DbCommand (3ms) [Parameters=[], CommandType='Text', CommandTimeout='30']
      SELECT [a].[Stock], [a].[IsActive], [a].[ApprovalStatus], [a0].[Name] AS [Category]
      FROM [Accessories] AS [a]
      INNER JOIN [AccessoryTypes] AS [a0] ON [a].[TypeId] = [a0].[Id]
info: Microsoft.EntityFrameworkCore.Database.Command[20101]
      Executed DbCommand (0ms) [Parameters=[@__normalizedRoleName_0='?' (Size = 256)], CommandType='Text', CommandTimeout='30']
      SELECT TOP(2) [a].[Id], [a].[ConcurrencyStamp], [a].[Name], [a].[NormalizedName]
      FROM [AspNetRoles] AS [a]
      WHERE [a].[NormalizedName] = @__normalizedRoleName_0
info: Microsoft.EntityFrameworkCore.Database.Command[20101]
      Executed DbCommand (0ms) [Parameters=[@__userId_0='?' (DbType = Guid)], CommandType='Text', CommandTimeout='30']
      SELECT [a0].[Name]
      FROM [AspNetUserRoles] AS [a]
      INNER JOIN [AspNetRoles] AS [a0] ON [a].[RoleId] = [a0].[Id]
      WHERE [a].[UserId] = @__userId_0
info: Microsoft.EntityFrameworkCore.Database.Command[20101]
      Executed DbCommand (1ms) [Parameters=[], CommandType='Text', CommandTimeout='30']
      SELECT [b].[Status], [b].[ProposedPrice], [b].[ApprovedPrice]
      FROM [BuybackRequests] AS [b]
info: Microsoft.EntityFrameworkCore.Database.Command[20101]
      Executed DbCommand (0ms) [Parameters=[@__normalizedRoleName_0='?' (Size = 256)], CommandType='Text', CommandTimeout='30']
      SELECT TOP(2) [a].[Id], [a].[ConcurrencyStamp], [a].[Name], [a].[NormalizedName]
      FROM [AspNetRoles] AS [a]
      WHERE [a].[NormalizedName] = @__normalizedRoleName_0
info: Microsoft.EntityFrameworkCore.Database.Command[20101]
      Executed DbCommand (1ms) [Parameters=[@__get_Item_0='?' (DbType = Guid), @__get_Item_1='?' (DbType = Guid)], CommandType='Text', CommandTimeout='30']
      SELECT TOP(1) [a].[UserId], [a].[RoleId]
      FROM [AspNetUserRoles] AS [a]
      WHERE [a].[UserId] = @__get_Item_0 AND [a].[RoleId] = @__get_Item_1
info: Microsoft.EntityFrameworkCore.Database.Command[20101]
      Executed DbCommand (1ms) [Parameters=[@__role_Id_0='?' (DbType = Guid)], CommandType='Text', CommandTimeout='30']
      SELECT [a0].[Id], [a0].[AccessFailedCount], [a0].[Address], [a0].[AvatarUrl], [a0].[ConcurrencyStamp], [a0].[Email], [a0].[EmailConfirmed], [a0].[FullName], [a0].[LockoutEnabled], [a0].[LockoutEnd], [a0].[NormalizedEmail], [a0].[NormalizedUserName], [a0].[PasswordHash], [a0].[PhoneNumber], [a0].[PhoneNumberConfirmed], [a0].[SecurityStamp], [a0].[TwoFactorEnabled], [a0].[UserName]
      FROM [AspNetUserRoles] AS [a]
      INNER JOIN [AspNetUsers] AS [a0] ON [a].[UserId] = [a0].[Id]
      WHERE [a].[RoleId] = @__role_Id_0
info: Microsoft.EntityFrameworkCore.Database.Command[20101]
      Executed DbCommand (0ms) [Parameters=[@__normalizedRoleName_0='?' (Size = 256)], CommandType='Text', CommandTimeout='30']
      SELECT TOP(2) [a].[Id], [a].[ConcurrencyStamp], [a].[Name], [a].[NormalizedName]
      FROM [AspNetRoles] AS [a]
      WHERE [a].[NormalizedName] = @__normalizedRoleName_0
info: Microsoft.EntityFrameworkCore.Database.Command[20101]
      Executed DbCommand (0ms) [Parameters=[@__normalizedRoleName_0='?' (Size = 256)], CommandType='Text', CommandTimeout='30']
      SELECT TOP(2) [a].[Id], [a].[ConcurrencyStamp], [a].[Name], [a].[NormalizedName]
      FROM [AspNetRoles] AS [a]
      WHERE [a].[NormalizedName] = @__normalizedRoleName_0
info: Microsoft.EntityFrameworkCore.Database.Command[20101]
      Executed DbCommand (0ms) [Parameters=[@__get_Item_0='?' (DbType = Guid), @__get_Item_1='?' (DbType = Guid)], CommandType='Text', CommandTimeout='30']
      SELECT TOP(1) [a].[UserId], [a].[RoleId]
      FROM [AspNetUserRoles] AS [a]
      WHERE [a].[UserId] = @__get_Item_0 AND [a].[RoleId] = @__get_Item_1
info: Microsoft.EntityFrameworkCore.Database.Command[20101]
      Executed DbCommand (0ms) [Parameters=[@__role_Id_0='?' (DbType = Guid)], CommandType='Text', CommandTimeout='30']
      SELECT [a0].[Id], [a0].[AccessFailedCount], [a0].[Address], [a0].[AvatarUrl], [a0].[ConcurrencyStamp], [a0].[Email], [a0].[EmailConfirmed], [a0].[FullName], [a0].[LockoutEnabled], [a0].[LockoutEnd], [a0].[NormalizedEmail], [a0].[NormalizedUserName], [a0].[PasswordHash], [a0].[PhoneNumber], [a0].[PhoneNumberConfirmed], [a0].[SecurityStamp], [a0].[TwoFactorEnabled], [a0].[UserName]
      FROM [AspNetUserRoles] AS [a]
      INNER JOIN [AspNetUsers] AS [a0] ON [a].[UserId] = [a0].[Id]
      WHERE [a].[RoleId] = @__role_Id_0
info: Microsoft.EntityFrameworkCore.Database.Command[20101]
      Executed DbCommand (0ms) [Parameters=[@__userId_0='?' (DbType = Guid)], CommandType='Text', CommandTimeout='30']
      SELECT [a0].[Name]
      FROM [AspNetUserRoles] AS [a]
      INNER JOIN [AspNetRoles] AS [a0] ON [a].[RoleId] = [a0].[Id]
      WHERE [a].[UserId] = @__userId_0
info: Microsoft.EntityFrameworkCore.Database.Command[20101]
      Executed DbCommand (0ms) [Parameters=[@__normalizedRoleName_0='?' (Size = 256)], CommandType='Text', CommandTimeout='30']
      SELECT TOP(2) [a].[Id], [a].[ConcurrencyStamp], [a].[Name], [a].[NormalizedName]
      FROM [AspNetRoles] AS [a]
      WHERE [a].[NormalizedName] = @__normalizedRoleName_0
info: Microsoft.EntityFrameworkCore.Database.Command[20101]
      Executed DbCommand (0ms) [Parameters=[@__normalizedRoleName_0='?' (Size = 256)], CommandType='Text', CommandTimeout='30']
      SELECT TOP(2) [a].[Id], [a].[ConcurrencyStamp], [a].[Name], [a].[NormalizedName]
      FROM [AspNetRoles] AS [a]
      WHERE [a].[NormalizedName] = @__normalizedRoleName_0
info: Microsoft.EntityFrameworkCore.Database.Command[20101]
      Executed DbCommand (1ms) [Parameters=[@__role_Id_0='?' (DbType = Guid)], CommandType='Text', CommandTimeout='30']
      SELECT [a0].[Id], [a0].[AccessFailedCount], [a0].[Address], [a0].[AvatarUrl], [a0].[ConcurrencyStamp], [a0].[Email], [a0].[EmailConfirmed], [a0].[FullName], [a0].[LockoutEnabled], [a0].[LockoutEnd], [a0].[NormalizedEmail], [a0].[NormalizedUserName], [a0].[PasswordHash], [a0].[PhoneNumber], [a0].[PhoneNumberConfirmed], [a0].[SecurityStamp], [a0].[TwoFactorEnabled], [a0].[UserName]
      FROM [AspNetUserRoles] AS [a]
      INNER JOIN [AspNetUsers] AS [a0] ON [a].[UserId] = [a0].[Id]
      WHERE [a].[RoleId] = @__role_Id_0
info: Microsoft.EntityFrameworkCore.Database.Command[20101]
      Executed DbCommand (0ms) [Parameters=[@__get_Item_0='?' (DbType = Guid), @__get_Item_1='?' (DbType = Guid)], CommandType='Text', CommandTimeout='30']
      SELECT TOP(1) [a].[UserId], [a].[RoleId]
      FROM [AspNetUserRoles] AS [a]
      WHERE [a].[UserId] = @__get_Item_0 AND [a].[RoleId] = @__get_Item_1
info: Microsoft.EntityFrameworkCore.Database.Command[20101]
      Executed DbCommand (0ms) [Parameters=[@__normalizedRoleName_0='?' (Size = 256)], CommandType='Text', CommandTimeout='30']
      SELECT TOP(2) [a].[Id], [a].[ConcurrencyStamp], [a].[Name], [a].[NormalizedName]
      FROM [AspNetRoles] AS [a]
      WHERE [a].[NormalizedName] = @__normalizedRoleName_0
info: Microsoft.EntityFrameworkCore.Database.Command[20101]
      Executed DbCommand (0ms) [Parameters=[@__get_Item_0='?' (DbType = Guid), @__get_Item_1='?' (DbType = Guid)], CommandType='Text', CommandTimeout='30']
      SELECT TOP(1) [a].[UserId], [a].[RoleId]
      FROM [AspNetUserRoles] AS [a]
      WHERE [a].[UserId] = @__get_Item_0 AND [a].[RoleId] = @__get_Item_1
info: Microsoft.EntityFrameworkCore.Database.Command[20101]
      Executed DbCommand (0ms) [Parameters=[@__userId_0='?' (DbType = Guid)], CommandType='Text', CommandTimeout='30']
      SELECT [a0].[Name]
      FROM [AspNetUserRoles] AS [a]
      INNER JOIN [AspNetRoles] AS [a0] ON [a].[RoleId] = [a0].[Id]
      WHERE [a].[UserId] = @__userId_0
info: Microsoft.EntityFrameworkCore.Database.Command[20101]
      Executed DbCommand (1ms) [Parameters=[], CommandType='Text', CommandTimeout='30']
      SELECT [b].[Id], [b].[ApprovalStatus], [b].[AuthorName], [b].[CategoryId], [b].[Code], [b].[Condition], [b].[CreatedAt], [b].[CreatedBy], [b].[CreatedByName], [b].[CreatedByRole], [b].[Description], [b].[Featured], [b].[ImageUrl], [b].[ImportTicketId], [b].[IsActive], [b].[Language], [b].[OriginalPrice], [b].[Pages], [b].[Price], [b].[Publisher], [b].[RejectionNote], [b].[Seller], [b].[SellerNote], [b].[Stock], [b].[Title], [b].[Year], [c].[Id], [c].[Code], [c].[Description], [c].[Name]
      FROM [Books] AS [b]
      INNER JOIN [Categories] AS [c] ON [b].[CategoryId] = [c].[Id]
      ORDER BY [b].[CreatedAt] DESC
info: Microsoft.EntityFrameworkCore.Database.Command[20101]
      Executed DbCommand (4ms) [Parameters=[], CommandType='Text', CommandTimeout='30']
      SELECT [o].[Id], [o].[CancellationReason], [o].[CancelledAt], [o].[CustomerId], [o].[Discount], [o].[Notes], [o].[OrderDate], [o].[PaymentMethod], [o].[ReceiverEmail], [o].[ReceiverName], [o].[ReceiverPhone], [o].[ReturnReason], [o].[ReturnReasonDetail], [o].[ReturnRequestedAt], [o].[ReturnReviewNote], [o].[ReturnReviewedAt], [o].[ShippingAddress], [o].[ShippingFee], [o].[Status], [o].[TotalAmount], [o].[VoucherId], [o0].[Id], [o0].[AccessoryId], [o0].[Author], [o0].[BlindBoxGenre], [o0].[BlindBoxTier], [o0].[BookId], [o0].[Brand], [o0].[Category], [o0].[OrderId], [o0].[Price], [o0].[ProductImage], [o0].[ProductName], [o0].[ProductTypeText], [o0].[Quantity]
      FROM [Orders] AS [o]
      LEFT JOIN [OrderItems] AS [o0] ON [o].[Id] = [o0].[OrderId]
      ORDER BY [o].[OrderDate] DESC, [o].[Id]
info: Microsoft.EntityFrameworkCore.Database.Command[20101]
      Executed DbCommand (7ms) [Parameters=[@__orderId_0='?' (DbType = Guid)], CommandType='Text', CommandTimeout='30']
      SELECT [t].[Id], [t].[CancellationReason], [t].[CancelledAt], [t].[CustomerId], [t].[Discount], [t].[Notes], [t].[OrderDate], [t].[PaymentMethod], [t].[ReceiverEmail], [t].[ReceiverName], [t].[ReceiverPhone], [t].[ReturnReason], [t].[ReturnReasonDetail], [t].[ReturnRequestedAt], [t].[ReturnReviewNote], [t].[ReturnReviewedAt], [t].[ShippingAddress], [t].[ShippingFee], [t].[Status], [t].[TotalAmount], [t].[VoucherId], [o0].[Id], [o0].[AccessoryId], [o0].[Author], [o0].[BlindBoxGenre], [o0].[BlindBoxTier], [o0].[BookId], [o0].[Brand], [o0].[Category], [o0].[OrderId], [o0].[Price], [o0].[ProductImage], [o0].[ProductName], [o0].[ProductTypeText], [o0].[Quantity]
      FROM (
          SELECT TOP(1) [o].[Id], [o].[CancellationReason], [o].[CancelledAt], [o].[CustomerId], [o].[Discount], [o].[Notes], [o].[OrderDate], [o].[PaymentMethod], [o].[ReceiverEmail], [o].[ReceiverName], [o].[ReceiverPhone], [o].[ReturnReason], [o].[ReturnReasonDetail], [o].[ReturnRequestedAt], [o].[ReturnReviewNote], [o].[ReturnReviewedAt], [o].[ShippingAddress], [o].[ShippingFee], [o].[Status], [o].[TotalAmount], [o].[VoucherId]
          FROM [Orders] AS [o]
          WHERE [o].[Id] = @__orderId_0
      ) AS [t]
      LEFT JOIN [OrderItems] AS [o0] ON [t].[Id] = [o0].[OrderId]
      ORDER BY [t].[Id]
info: Microsoft.EntityFrameworkCore.Database.Command[20101]
      Executed DbCommand (8ms) [Parameters=[@p1='?' (DbType = Guid), @p0='?' (DbType = Int32)], CommandType='Text', CommandTimeout='30']
      SET IMPLICIT_TRANSACTIONS OFF;
      SET NOCOUNT ON;
      UPDATE [Orders] SET [Status] = @p0
      OUTPUT 1
      WHERE [Id] = @p1;
info: Microsoft.EntityFrameworkCore.Database.Command[20101]
      Executed DbCommand (2ms) [Parameters=[], CommandType='Text', CommandTimeout='30']
      SELECT [o].[Id], [o].[CancellationReason], [o].[CancelledAt], [o].[CustomerId], [o].[Discount], [o].[Notes], [o].[OrderDate], [o].[PaymentMethod], [o].[ReceiverEmail], [o].[ReceiverName], [o].[ReceiverPhone], [o].[ReturnReason], [o].[ReturnReasonDetail], [o].[ReturnRequestedAt], [o].[ReturnReviewNote], [o].[ReturnReviewedAt], [o].[ShippingAddress], [o].[ShippingFee], [o].[Status], [o].[TotalAmount], [o].[VoucherId], [o0].[Id], [o0].[AccessoryId], [o0].[Author], [o0].[BlindBoxGenre], [o0].[BlindBoxTier], [o0].[BookId], [o0].[Brand], [o0].[Category], [o0].[OrderId], [o0].[Price], [o0].[ProductImage], [o0].[ProductName], [o0].[ProductTypeText], [o0].[Quantity]
      FROM [Orders] AS [o]
      LEFT JOIN [OrderItems] AS [o0] ON [o].[Id] = [o0].[OrderId]
      ORDER BY [o].[OrderDate] DESC, [o].[Id]
info: Microsoft.EntityFrameworkCore.Database.Command[20101]
      Executed DbCommand (2ms) [Parameters=[@__orderId_0='?' (DbType = Guid)], CommandType='Text', CommandTimeout='30']
      SELECT [t].[Id], [t].[CancellationReason], [t].[CancelledAt], [t].[CustomerId], [t].[Discount], [t].[Notes], [t].[OrderDate], [t].[PaymentMethod], [t].[ReceiverEmail], [t].[ReceiverName], [t].[ReceiverPhone], [t].[ReturnReason], [t].[ReturnReasonDetail], [t].[ReturnRequestedAt], [t].[ReturnReviewNote], [t].[ReturnReviewedAt], [t].[ShippingAddress], [t].[ShippingFee], [t].[Status], [t].[TotalAmount], [t].[VoucherId], [o0].[Id], [o0].[AccessoryId], [o0].[Author], [o0].[BlindBoxGenre], [o0].[BlindBoxTier], [o0].[BookId], [o0].[Brand], [o0].[Category], [o0].[OrderId], [o0].[Price], [o0].[ProductImage], [o0].[ProductName], [o0].[ProductTypeText], [o0].[Quantity]
      FROM (
          SELECT TOP(1) [o].[Id], [o].[CancellationReason], [o].[CancelledAt], [o].[CustomerId], [o].[Discount], [o].[Notes], [o].[OrderDate], [o].[PaymentMethod], [o].[ReceiverEmail], [o].[ReceiverName], [o].[ReceiverPhone], [o].[ReturnReason], [o].[ReturnReasonDetail], [o].[ReturnRequestedAt], [o].[ReturnReviewNote], [o].[ReturnReviewedAt], [o].[ShippingAddress], [o].[ShippingFee], [o].[Status], [o].[TotalAmount], [o].[VoucherId]
          FROM [Orders] AS [o]
          WHERE [o].[Id] = @__orderId_0
      ) AS [t]
      LEFT JOIN [OrderItems] AS [o0] ON [t].[Id] = [o0].[OrderId]
      ORDER BY [t].[Id]
info: Microsoft.EntityFrameworkCore.Database.Command[20101]
      Executed DbCommand (2ms) [Parameters=[@p1='?' (DbType = Guid), @p0='?' (DbType = Int32)], CommandType='Text', CommandTimeout='30']
      SET IMPLICIT_TRANSACTIONS OFF;
      SET NOCOUNT ON;
      UPDATE [Orders] SET [Status] = @p0
      OUTPUT 1
      WHERE [Id] = @p1;
info: Microsoft.EntityFrameworkCore.Database.Command[20101]
      Executed DbCommand (1ms) [Parameters=[], CommandType='Text', CommandTimeout='30']
      SELECT [o].[Id], [o].[CancellationReason], [o].[CancelledAt], [o].[CustomerId], [o].[Discount], [o].[Notes], [o].[OrderDate], [o].[PaymentMethod], [o].[ReceiverEmail], [o].[ReceiverName], [o].[ReceiverPhone], [o].[ReturnReason], [o].[ReturnReasonDetail], [o].[ReturnRequestedAt], [o].[ReturnReviewNote], [o].[ReturnReviewedAt], [o].[ShippingAddress], [o].[ShippingFee], [o].[Status], [o].[TotalAmount], [o].[VoucherId], [o0].[Id], [o0].[AccessoryId], [o0].[Author], [o0].[BlindBoxGenre], [o0].[BlindBoxTier], [o0].[BookId], [o0].[Brand], [o0].[Category], [o0].[OrderId], [o0].[Price], [o0].[ProductImage], [o0].[ProductName], [o0].[ProductTypeText], [o0].[Quantity]
      FROM [Orders] AS [o]
      LEFT JOIN [OrderItems] AS [o0] ON [o].[Id] = [o0].[OrderId]
      ORDER BY [o].[OrderDate] DESC, [o].[Id]
info: Microsoft.EntityFrameworkCore.Database.Command[20101]
      Executed DbCommand (3ms) [Parameters=[@__customerId_0='?' (DbType = Guid)], CommandType='Text', CommandTimeout='30']
      SELECT [w].[Id], [w].[AccessoryId], [w].[BookId], [w].[CustomerId], [w].[UserId]
      FROM [WishlistItems] AS [w]
      WHERE [w].[CustomerId] = @__customerId_0
info: Microsoft.EntityFrameworkCore.Database.Command[20101]
      Executed DbCommand (6ms) [Parameters=[@__item_BookId_Value_0='?' (DbType = Guid)], CommandType='Text', CommandTimeout='30']
      SELECT TOP(1) [b].[Id], [b].[ApprovalStatus], [b].[AuthorName], [b].[CategoryId], [b].[Code], [b].[Condition], [b].[CreatedAt], [b].[CreatedBy], [b].[CreatedByName], [b].[CreatedByRole], [b].[Description], [b].[Featured], [b].[ImageUrl], [b].[ImportTicketId], [b].[IsActive], [b].[Language], [b].[OriginalPrice], [b].[Pages], [b].[Price], [b].[Publisher], [b].[RejectionNote], [b].[Seller], [b].[SellerNote], [b].[Stock], [b].[Title], [b].[Year], [c].[Id], [c].[Code], [c].[Description], [c].[Name]
      FROM [Books] AS [b]
      INNER JOIN [Categories] AS [c] ON [b].[CategoryId] = [c].[Id]
      WHERE [b].[Id] = @__item_BookId_Value_0
info: Microsoft.EntityFrameworkCore.Database.Command[20101]
      Executed DbCommand (6ms) [Parameters=[@__customerId_0='?' (DbType = Guid)], CommandType='Text', CommandTimeout='30']
      SELECT [o].[Id], [o].[CancellationReason], [o].[CancelledAt], [o].[CustomerId], [o].[Discount], [o].[Notes], [o].[OrderDate], [o].[PaymentMethod], [o].[ReceiverEmail], [o].[ReceiverName], [o].[ReceiverPhone], [o].[ReturnReason], [o].[ReturnReasonDetail], [o].[ReturnRequestedAt], [o].[ReturnReviewNote], [o].[ReturnReviewedAt], [o].[ShippingAddress], [o].[ShippingFee], [o].[Status], [o].[TotalAmount], [o].[VoucherId], [o0].[Id], [o0].[AccessoryId], [o0].[Author], [o0].[BlindBoxGenre], [o0].[BlindBoxTier], [o0].[BookId], [o0].[Brand], [o0].[Category], [o0].[OrderId], [o0].[Price], [o0].[ProductImage], [o0].[ProductName], [o0].[ProductTypeText], [o0].[Quantity]
      FROM [Orders] AS [o]
      LEFT JOIN [OrderItems] AS [o0] ON [o].[Id] = [o0].[OrderId]
      WHERE [o].[CustomerId] = @__customerId_0
      ORDER BY [o].[OrderDate] DESC, [o].[Id]
info: Microsoft.EntityFrameworkCore.Database.Command[20101]
      Executed DbCommand (1ms) [Parameters=[@__orderId_0='?' (DbType = Guid)], CommandType='Text', CommandTimeout='30']
      SELECT [t].[Id], [t].[CancellationReason], [t].[CancelledAt], [t].[CustomerId], [t].[Discount], [t].[Notes], [t].[OrderDate], [t].[PaymentMethod], [t].[ReceiverEmail], [t].[ReceiverName], [t].[ReceiverPhone], [t].[ReturnReason], [t].[ReturnReasonDetail], [t].[ReturnRequestedAt], [t].[ReturnReviewNote], [t].[ReturnReviewedAt], [t].[ShippingAddress], [t].[ShippingFee], [t].[Status], [t].[TotalAmount], [t].[VoucherId], [o0].[Id], [o0].[AccessoryId], [o0].[Author], [o0].[BlindBoxGenre], [o0].[BlindBoxTier], [o0].[BookId], [o0].[Brand], [o0].[Category], [o0].[OrderId], [o0].[Price], [o0].[ProductImage], [o0].[ProductName], [o0].[ProductTypeText], [o0].[Quantity]
      FROM (
          SELECT TOP(1) [o].[Id], [o].[CancellationReason], [o].[CancelledAt], [o].[CustomerId], [o].[Discount], [o].[Notes], [o].[OrderDate], [o].[PaymentMethod], [o].[ReceiverEmail], [o].[ReceiverName], [o].[ReceiverPhone], [o].[ReturnReason], [o].[ReturnReasonDetail], [o].[ReturnRequestedAt], [o].[ReturnReviewNote], [o].[ReturnReviewedAt], [o].[ShippingAddress], [o].[ShippingFee], [o].[Status], [o].[TotalAmount], [o].[VoucherId]
          FROM [Orders] AS [o]
          WHERE [o].[Id] = @__orderId_0
      ) AS [t]
      LEFT JOIN [OrderItems] AS [o0] ON [t].[Id] = [o0].[OrderId]
      ORDER BY [t].[Id]
info: Microsoft.EntityFrameworkCore.Database.Command[20101]
      Executed DbCommand (2ms) [Parameters=[@p1='?' (DbType = Guid), @p0='?' (DbType = Int32)], CommandType='Text', CommandTimeout='30']
      SET IMPLICIT_TRANSACTIONS OFF;
      SET NOCOUNT ON;
      UPDATE [Orders] SET [Status] = @p0
      OUTPUT 1
      WHERE [Id] = @p1;
info: Microsoft.EntityFrameworkCore.Database.Command[20101]
      Executed DbCommand (1ms) [Parameters=[], CommandType='Text', CommandTimeout='30']
      SELECT [o].[Id], [o].[CancellationReason], [o].[CancelledAt], [o].[CustomerId], [o].[Discount], [o].[Notes], [o].[OrderDate], [o].[PaymentMethod], [o].[ReceiverEmail], [o].[ReceiverName], [o].[ReceiverPhone], [o].[ReturnReason], [o].[ReturnReasonDetail], [o].[ReturnRequestedAt], [o].[ReturnReviewNote], [o].[ReturnReviewedAt], [o].[ShippingAddress], [o].[ShippingFee], [o].[Status], [o].[TotalAmount], [o].[VoucherId], [o0].[Id], [o0].[AccessoryId], [o0].[Author], [o0].[BlindBoxGenre], [o0].[BlindBoxTier], [o0].[BookId], [o0].[Brand], [o0].[Category], [o0].[OrderId], [o0].[Price], [o0].[ProductImage], [o0].[ProductName], [o0].[ProductTypeText], [o0].[Quantity]
      FROM [Orders] AS [o]
      LEFT JOIN [OrderItems] AS [o0] ON [o].[Id] = [o0].[OrderId]
      ORDER BY [o].[OrderDate] DESC, [o].[Id]
info: Microsoft.EntityFrameworkCore.Database.Command[20101]
      Executed DbCommand (1ms) [Parameters=[@__customerId_0='?' (DbType = Guid)], CommandType='Text', CommandTimeout='30']
      SELECT [w].[Id], [w].[AccessoryId], [w].[BookId], [w].[CustomerId], [w].[UserId]
      FROM [WishlistItems] AS [w]
      WHERE [w].[CustomerId] = @__customerId_0
info: Microsoft.EntityFrameworkCore.Database.Command[20101]
      Executed DbCommand (1ms) [Parameters=[], CommandType='Text', CommandTimeout='30']
      SELECT [o].[Id], [o].[CancellationReason], [o].[CancelledAt], [o].[CustomerId], [o].[Discount], [o].[Notes], [o].[OrderDate], [o].[PaymentMethod], [o].[ReceiverEmail], [o].[ReceiverName], [o].[ReceiverPhone], [o].[ReturnReason], [o].[ReturnReasonDetail], [o].[ReturnRequestedAt], [o].[ReturnReviewNote], [o].[ReturnReviewedAt], [o].[ShippingAddress], [o].[ShippingFee], [o].[Status], [o].[TotalAmount], [o].[VoucherId], [o0].[Id], [o0].[AccessoryId], [o0].[Author], [o0].[BlindBoxGenre], [o0].[BlindBoxTier], [o0].[BookId], [o0].[Brand], [o0].[Category], [o0].[OrderId], [o0].[Price], [o0].[ProductImage], [o0].[ProductName], [o0].[ProductTypeText], [o0].[Quantity]
      FROM [Orders] AS [o]
      LEFT JOIN [OrderItems] AS [o0] ON [o].[Id] = [o0].[OrderId]
      ORDER BY [o].[OrderDate] DESC, [o].[Id]
info: Microsoft.EntityFrameworkCore.Database.Command[20101]
      Executed DbCommand (1ms) [Parameters=[@__customerId_0='?' (DbType = Guid)], CommandType='Text', CommandTimeout='30']
      SELECT [w].[Id], [w].[AccessoryId], [w].[BookId], [w].[CustomerId], [w].[UserId]
      FROM [WishlistItems] AS [w]
      WHERE [w].[CustomerId] = @__customerId_0
info: Microsoft.EntityFrameworkCore.Database.Command[20101]
      Executed DbCommand (1ms) [Parameters=[@__customerId_0='?' (DbType = Guid)], CommandType='Text', CommandTimeout='30']
      SELECT [o].[Id], [o].[CancellationReason], [o].[CancelledAt], [o].[CustomerId], [o].[Discount], [o].[Notes], [o].[OrderDate], [o].[PaymentMethod], [o].[ReceiverEmail], [o].[ReceiverName], [o].[ReceiverPhone], [o].[ReturnReason], [o].[ReturnReasonDetail], [o].[ReturnRequestedAt], [o].[ReturnReviewNote], [o].[ReturnReviewedAt], [o].[ShippingAddress], [o].[ShippingFee], [o].[Status], [o].[TotalAmount], [o].[VoucherId], [o0].[Id], [o0].[AccessoryId], [o0].[Author], [o0].[BlindBoxGenre], [o0].[BlindBoxTier], [o0].[BookId], [o0].[Brand], [o0].[Category], [o0].[OrderId], [o0].[Price], [o0].[ProductImage], [o0].[ProductName], [o0].[ProductTypeText], [o0].[Quantity]
      FROM [Orders] AS [o]
      LEFT JOIN [OrderItems] AS [o0] ON [o].[Id] = [o0].[OrderId]
      WHERE [o].[CustomerId] = @__customerId_0
      ORDER BY [o].[OrderDate] DESC, [o].[Id]
info: Microsoft.EntityFrameworkCore.Database.Command[20101]
      Executed DbCommand (0ms) [Parameters=[@__item_BookId_Value_0='?' (DbType = Guid)], CommandType='Text', CommandTimeout='30']
      SELECT TOP(1) [b].[Id], [b].[ApprovalStatus], [b].[AuthorName], [b].[CategoryId], [b].[Code], [b].[Condition], [b].[CreatedAt], [b].[CreatedBy], [b].[CreatedByName], [b].[CreatedByRole], [b].[Description], [b].[Featured], [b].[ImageUrl], [b].[ImportTicketId], [b].[IsActive], [b].[Language], [b].[OriginalPrice], [b].[Pages], [b].[Price], [b].[Publisher], [b].[RejectionNote], [b].[Seller], [b].[SellerNote], [b].[Stock], [b].[Title], [b].[Year], [c].[Id], [c].[Code], [c].[Description], [c].[Name]
      FROM [Books] AS [b]
      INNER JOIN [Categories] AS [c] ON [b].[CategoryId] = [c].[Id]
      WHERE [b].[Id] = @__item_BookId_Value_0
info: Microsoft.EntityFrameworkCore.Database.Command[20101]
      Executed DbCommand (5ms) [Parameters=[], CommandType='Text', CommandTimeout='30']
      SELECT [b].[Id], [b].[ApprovalStatus], [b].[AuthorName], [b].[CategoryId], [b].[Code], [b].[Condition], [b].[CreatedAt], [b].[CreatedBy], [b].[CreatedByName], [b].[CreatedByRole], [b].[Description], [b].[Featured], [b].[ImageUrl], [b].[ImportTicketId], [b].[IsActive], [b].[Language], [b].[OriginalPrice], [b].[Pages], [b].[Price], [b].[Publisher], [b].[RejectionNote], [b].[Seller], [b].[SellerNote], [b].[Stock], [b].[Title], [b].[Year], [c].[Id], [c].[Code], [c].[Description], [c].[Name]
      FROM [Books] AS [b]
      INNER JOIN [Categories] AS [c] ON [b].[CategoryId] = [c].[Id]
      ORDER BY [b].[CreatedAt] DESC
info: Microsoft.EntityFrameworkCore.Database.Command[20101]
      Executed DbCommand (1ms) [Parameters=[@__customerId_0='?' (DbType = Guid)], CommandType='Text', CommandTimeout='30']
      SELECT [w].[Id], [w].[AccessoryId], [w].[BookId], [w].[CustomerId], [w].[UserId]
      FROM [WishlistItems] AS [w]
      WHERE [w].[CustomerId] = @__customerId_0
info: Microsoft.EntityFrameworkCore.Database.Command[20101]
      Executed DbCommand (5ms) [Parameters=[@__id_0='?' (DbType = Guid)], CommandType='Text', CommandTimeout='30']
      SELECT TOP(1) [b].[Id], [b].[ApprovalStatus], [b].[AuthorName], [b].[CategoryId], [b].[Code], [b].[Condition], [b].[CreatedAt], [b].[CreatedBy], [b].[CreatedByName], [b].[CreatedByRole], [b].[Description], [b].[Featured], [b].[ImageUrl], [b].[ImportTicketId], [b].[IsActive], [b].[Language], [b].[OriginalPrice], [b].[Pages], [b].[Price], [b].[Publisher], [b].[RejectionNote], [b].[Seller], [b].[SellerNote], [b].[Stock], [b].[Title], [b].[Year], [c].[Id], [c].[Code], [c].[Description], [c].[Name]
      FROM [Books] AS [b]
      INNER JOIN [Categories] AS [c] ON [b].[CategoryId] = [c].[Id]
      WHERE [b].[Id] = @__id_0
info: Microsoft.EntityFrameworkCore.Database.Command[20101]
      Executed DbCommand (21ms) [Parameters=[@__name_0='?' (Size = 4000)], CommandType='Text', CommandTimeout='30']
      SELECT TOP(1) [c].[Id], [c].[Code], [c].[Description], [c].[Name]
      FROM [Categories] AS [c]
      WHERE [c].[Name] = @__name_0
info: Microsoft.EntityFrameworkCore.Database.Command[20101]
      Executed DbCommand (4ms) [Parameters=[@p7='?' (DbType = Guid), @p0='?' (DbType = Boolean), @p1='?' (Size = 4000), @p2='?' (Size = 4000), @p3='?' (Size = 4000), @p4='?' (Size = 4000), @p5='?' (Size = 4000), @p6='?' (Size = 4000)], CommandType='Text', CommandTimeout='30']
      SET IMPLICIT_TRANSACTIONS OFF;
      SET NOCOUNT ON;
      UPDATE [Books] SET [IsActive] = @p0, [Language] = @p1, [Pages] = @p2, [Publisher] = @p3, [Seller] = @p4, [SellerNote] = @p5, [Year] = @p6
      OUTPUT 1
      WHERE [Id] = @p7;
info: Microsoft.EntityFrameworkCore.Database.Command[20101]
      Executed DbCommand (2ms) [Parameters=[], CommandType='Text', CommandTimeout='30']
      SELECT [b].[Id], [b].[ApprovalStatus], [b].[AuthorName], [b].[CategoryId], [b].[Code], [b].[Condition], [b].[CreatedAt], [b].[CreatedBy], [b].[CreatedByName], [b].[CreatedByRole], [b].[Description], [b].[Featured], [b].[ImageUrl], [b].[ImportTicketId], [b].[IsActive], [b].[Language], [b].[OriginalPrice], [b].[Pages], [b].[Price], [b].[Publisher], [b].[RejectionNote], [b].[Seller], [b].[SellerNote], [b].[Stock], [b].[Title], [b].[Year], [c].[Id], [c].[Code], [c].[Description], [c].[Name]
      FROM [Books] AS [b]
      INNER JOIN [Categories] AS [c] ON [b].[CategoryId] = [c].[Id]
      ORDER BY [b].[CreatedAt] DESC
info: Microsoft.EntityFrameworkCore.Database.Command[20101]
      Executed DbCommand (1ms) [Parameters=[], CommandType='Text', CommandTimeout='30']
      SELECT [b].[Id], [b].[ApprovalStatus], [b].[AuthorName], [b].[CategoryId], [b].[Code], [b].[Condition], [b].[CreatedAt], [b].[CreatedBy], [b].[CreatedByName], [b].[CreatedByRole], [b].[Description], [b].[Featured], [b].[ImageUrl], [b].[ImportTicketId], [b].[IsActive], [b].[Language], [b].[OriginalPrice], [b].[Pages], [b].[Price], [b].[Publisher], [b].[RejectionNote], [b].[Seller], [b].[SellerNote], [b].[Stock], [b].[Title], [b].[Year], [c].[Id], [c].[Code], [c].[Description], [c].[Name]
      FROM [Books] AS [b]
      INNER JOIN [Categories] AS [c] ON [b].[CategoryId] = [c].[Id]
      ORDER BY [b].[CreatedAt] DESC
info: Microsoft.EntityFrameworkCore.Database.Command[20101]
      Executed DbCommand (7ms) [Parameters=[], CommandType='Text', CommandTimeout='30']
      SELECT [b].[Id], [b].[ApprovalStatus], [b].[AuthorName], [b].[CategoryId], [b].[Code], [b].[Condition], [b].[CreatedAt], [b].[CreatedBy], [b].[CreatedByName], [b].[CreatedByRole], [b].[Description], [b].[Featured], [b].[ImageUrl], [b].[ImportTicketId], [b].[IsActive], [b].[Language], [b].[OriginalPrice], [b].[Pages], [b].[Price], [b].[Publisher], [b].[RejectionNote], [b].[Seller], [b].[SellerNote], [b].[Stock], [b].[Title], [b].[Year], [c].[Id], [c].[Code], [c].[Description], [c].[Name]
      FROM [Books] AS [b]
      INNER JOIN [Categories] AS [c] ON [b].[CategoryId] = [c].[Id]
      WHERE [b].[IsActive] = CAST(1 AS bit)
      ORDER BY [b].[CreatedAt] DESC
info: Microsoft.EntityFrameworkCore.Database.Command[20101]
      Executed DbCommand (2ms) [Parameters=[], CommandType='Text', CommandTimeout='30']
      SELECT [b].[Id], [b].[ApprovalStatus], [b].[AuthorName], [b].[CategoryId], [b].[Code], [b].[Condition], [b].[CreatedAt], [b].[CreatedBy], [b].[CreatedByName], [b].[CreatedByRole], [b].[Description], [b].[Featured], [b].[ImageUrl], [b].[ImportTicketId], [b].[IsActive], [b].[Language], [b].[OriginalPrice], [b].[Pages], [b].[Price], [b].[Publisher], [b].[RejectionNote], [b].[Seller], [b].[SellerNote], [b].[Stock], [b].[Title], [b].[Year], [c].[Id], [c].[Code], [c].[Description], [c].[Name]
      FROM [Books] AS [b]
      INNER JOIN [Categories] AS [c] ON [b].[CategoryId] = [c].[Id]
      WHERE [b].[IsActive] = CAST(1 AS bit)
      ORDER BY [b].[CreatedAt] DESC
info: Microsoft.EntityFrameworkCore.Database.Command[20101]
      Executed DbCommand (7ms) [Parameters=[@__id_0='?' (DbType = Guid)], CommandType='Text', CommandTimeout='30']
      SELECT TOP(1) [b].[Id], [b].[ApprovalStatus], [b].[AuthorName], [b].[CategoryId], [b].[Code], [b].[Condition], [b].[CreatedAt], [b].[CreatedBy], [b].[CreatedByName], [b].[CreatedByRole], [b].[Description], [b].[Featured], [b].[ImageUrl], [b].[ImportTicketId], [b].[IsActive], [b].[Language], [b].[OriginalPrice], [b].[Pages], [b].[Price], [b].[Publisher], [b].[RejectionNote], [b].[Seller], [b].[SellerNote], [b].[Stock], [b].[Title], [b].[Year], [c].[Id], [c].[Code], [c].[Description], [c].[Name]
      FROM [Books] AS [b]
      INNER JOIN [Categories] AS [c] ON [b].[CategoryId] = [c].[Id]
      WHERE [b].[Id] = @__id_0
info: Microsoft.EntityFrameworkCore.Database.Command[20101]
      Executed DbCommand (2ms) [Parameters=[@__name_0='?' (Size = 4000)], CommandType='Text', CommandTimeout='30']
      SELECT TOP(1) [c].[Id], [c].[Code], [c].[Description], [c].[Name]
      FROM [Categories] AS [c]
      WHERE [c].[Name] = @__name_0
info: Microsoft.EntityFrameworkCore.Database.Command[20101]
      Executed DbCommand (4ms) [Parameters=[@p1='?' (DbType = Guid), @p0='?' (DbType = Boolean)], CommandType='Text', CommandTimeout='30']
      SET IMPLICIT_TRANSACTIONS OFF;
      SET NOCOUNT ON;
      UPDATE [Books] SET [IsActive] = @p0
      OUTPUT 1
      WHERE [Id] = @p1;
info: Microsoft.EntityFrameworkCore.Database.Command[20101]
      Executed DbCommand (6ms) [Parameters=[], CommandType='Text', CommandTimeout='30']
      SELECT [b].[Id], [b].[ApprovalStatus], [b].[AuthorName], [b].[CategoryId], [b].[Code], [b].[Condition], [b].[CreatedAt], [b].[CreatedBy], [b].[CreatedByName], [b].[CreatedByRole], [b].[Description], [b].[Featured], [b].[ImageUrl], [b].[ImportTicketId], [b].[IsActive], [b].[Language], [b].[OriginalPrice], [b].[Pages], [b].[Price], [b].[Publisher], [b].[RejectionNote], [b].[Seller], [b].[SellerNote], [b].[Stock], [b].[Title], [b].[Year], [c].[Id], [c].[Code], [c].[Description], [c].[Name]
      FROM [Books] AS [b]
      INNER JOIN [Categories] AS [c] ON [b].[CategoryId] = [c].[Id]
      ORDER BY [b].[CreatedAt] DESC
info: Microsoft.EntityFrameworkCore.Database.Command[20101]
      Executed DbCommand (1ms) [Parameters=[], CommandType='Text', CommandTimeout='30']
      SELECT [b].[Id], [b].[ApprovalStatus], [b].[AuthorName], [b].[CategoryId], [b].[Code], [b].[Condition], [b].[CreatedAt], [b].[CreatedBy], [b].[CreatedByName], [b].[CreatedByRole], [b].[Description], [b].[Featured], [b].[ImageUrl], [b].[ImportTicketId], [b].[IsActive], [b].[Language], [b].[OriginalPrice], [b].[Pages], [b].[Price], [b].[Publisher], [b].[RejectionNote], [b].[Seller], [b].[SellerNote], [b].[Stock], [b].[Title], [b].[Year], [c].[Id], [c].[Code], [c].[Description], [c].[Name]
      FROM [Books] AS [b]
      INNER JOIN [Categories] AS [c] ON [b].[CategoryId] = [c].[Id]
      ORDER BY [b].[CreatedAt] DESC
info: Microsoft.EntityFrameworkCore.Database.Command[20101]
      Executed DbCommand (1ms) [Parameters=[@__id_0='?' (DbType = Guid)], CommandType='Text', CommandTimeout='30']
      SELECT TOP(1) [b].[Id], [b].[ApprovalStatus], [b].[AuthorName], [b].[CategoryId], [b].[Code], [b].[Condition], [b].[CreatedAt], [b].[CreatedBy], [b].[CreatedByName], [b].[CreatedByRole], [b].[Description], [b].[Featured], [b].[ImageUrl], [b].[ImportTicketId], [b].[IsActive], [b].[Language], [b].[OriginalPrice], [b].[Pages], [b].[Price], [b].[Publisher], [b].[RejectionNote], [b].[Seller], [b].[SellerNote], [b].[Stock], [b].[Title], [b].[Year], [c].[Id], [c].[Code], [c].[Description], [c].[Name]
      FROM [Books] AS [b]
      INNER JOIN [Categories] AS [c] ON [b].[CategoryId] = [c].[Id]
      WHERE [b].[Id] = @__id_0
info: Microsoft.EntityFrameworkCore.Database.Command[20101]
      Executed DbCommand (1ms) [Parameters=[@__name_0='?' (Size = 4000)], CommandType='Text', CommandTimeout='30']
      SELECT TOP(1) [c].[Id], [c].[Code], [c].[Description], [c].[Name]
      FROM [Categories] AS [c]
      WHERE [c].[Name] = @__name_0
info: Microsoft.EntityFrameworkCore.Database.Command[20101]
      Executed DbCommand (4ms) [Parameters=[@p7='?' (DbType = Guid), @p0='?' (DbType = Boolean), @p1='?' (Size = 4000), @p2='?' (Size = 4000), @p3='?' (Size = 4000), @p4='?' (Size = 4000), @p5='?' (Size = 4000), @p6='?' (Size = 4000)], CommandType='Text', CommandTimeout='30']
      SET IMPLICIT_TRANSACTIONS OFF;
      SET NOCOUNT ON;
      UPDATE [Books] SET [IsActive] = @p0, [Language] = @p1, [Pages] = @p2, [Publisher] = @p3, [Seller] = @p4, [SellerNote] = @p5, [Year] = @p6
      OUTPUT 1
      WHERE [Id] = @p7;
info: Microsoft.EntityFrameworkCore.Database.Command[20101]
      Executed DbCommand (1ms) [Parameters=[], CommandType='Text', CommandTimeout='30']
      SELECT [b].[Id], [b].[ApprovalStatus], [b].[AuthorName], [b].[CategoryId], [b].[Code], [b].[Condition], [b].[CreatedAt], [b].[CreatedBy], [b].[CreatedByName], [b].[CreatedByRole], [b].[Description], [b].[Featured], [b].[ImageUrl], [b].[ImportTicketId], [b].[IsActive], [b].[Language], [b].[OriginalPrice], [b].[Pages], [b].[Price], [b].[Publisher], [b].[RejectionNote], [b].[Seller], [b].[SellerNote], [b].[Stock], [b].[Title], [b].[Year], [c].[Id], [c].[Code], [c].[Description], [c].[Name]
      FROM [Books] AS [b]
      INNER JOIN [Categories] AS [c] ON [b].[CategoryId] = [c].[Id]
      ORDER BY [b].[CreatedAt] DESC
info: Microsoft.EntityFrameworkCore.Database.Command[20101]
      Executed DbCommand (1ms) [Parameters=[], CommandType='Text', CommandTimeout='30']
      SELECT [b].[Id], [b].[ApprovalStatus], [b].[AuthorName], [b].[CategoryId], [b].[Code], [b].[Condition], [b].[CreatedAt], [b].[CreatedBy], [b].[CreatedByName], [b].[CreatedByRole], [b].[Description], [b].[Featured], [b].[ImageUrl], [b].[ImportTicketId], [b].[IsActive], [b].[Language], [b].[OriginalPrice], [b].[Pages], [b].[Price], [b].[Publisher], [b].[RejectionNote], [b].[Seller], [b].[SellerNote], [b].[Stock], [b].[Title], [b].[Year], [c].[Id], [c].[Code], [c].[Description], [c].[Name]
      FROM [Books] AS [b]
      INNER JOIN [Categories] AS [c] ON [b].[CategoryId] = [c].[Id]
      ORDER BY [b].[CreatedAt] DESC
info: Microsoft.EntityFrameworkCore.Database.Command[20101]
      Executed DbCommand (1ms) [Parameters=[@__id_0='?' (DbType = Guid)], CommandType='Text', CommandTimeout='30']
      SELECT TOP(1) [b].[Id], [b].[ApprovalStatus], [b].[AuthorName], [b].[CategoryId], [b].[Code], [b].[Condition], [b].[CreatedAt], [b].[CreatedBy], [b].[CreatedByName], [b].[CreatedByRole], [b].[Description], [b].[Featured], [b].[ImageUrl], [b].[ImportTicketId], [b].[IsActive], [b].[Language], [b].[OriginalPrice], [b].[Pages], [b].[Price], [b].[Publisher], [b].[RejectionNote], [b].[Seller], [b].[SellerNote], [b].[Stock], [b].[Title], [b].[Year], [c].[Id], [c].[Code], [c].[Description], [c].[Name]
      FROM [Books] AS [b]
      INNER JOIN [Categories] AS [c] ON [b].[CategoryId] = [c].[Id]
      WHERE [b].[Id] = @__id_0
info: Microsoft.EntityFrameworkCore.Database.Command[20101]
      Executed DbCommand (1ms) [Parameters=[@__name_0='?' (Size = 4000)], CommandType='Text', CommandTimeout='30']
      SELECT TOP(1) [c].[Id], [c].[Code], [c].[Description], [c].[Name]
      FROM [Categories] AS [c]
      WHERE [c].[Name] = @__name_0
info: Microsoft.EntityFrameworkCore.Database.Command[20101]
      Executed DbCommand (2ms) [Parameters=[@p1='?' (DbType = Guid), @p0='?' (DbType = Boolean)], CommandType='Text', CommandTimeout='30']
      SET IMPLICIT_TRANSACTIONS OFF;
      SET NOCOUNT ON;
      UPDATE [Books] SET [IsActive] = @p0
      OUTPUT 1
      WHERE [Id] = @p1;
info: Microsoft.EntityFrameworkCore.Database.Command[20101]
      Executed DbCommand (1ms) [Parameters=[], CommandType='Text', CommandTimeout='30']
      SELECT [b].[Id], [b].[ApprovalStatus], [b].[AuthorName], [b].[CategoryId], [b].[Code], [b].[Condition], [b].[CreatedAt], [b].[CreatedBy], [b].[CreatedByName], [b].[CreatedByRole], [b].[Description], [b].[Featured], [b].[ImageUrl], [b].[ImportTicketId], [b].[IsActive], [b].[Language], [b].[OriginalPrice], [b].[Pages], [b].[Price], [b].[Publisher], [b].[RejectionNote], [b].[Seller], [b].[SellerNote], [b].[Stock], [b].[Title], [b].[Year], [c].[Id], [c].[Code], [c].[Description], [c].[Name]
      FROM [Books] AS [b]
      INNER JOIN [Categories] AS [c] ON [b].[CategoryId] = [c].[Id]
      ORDER BY [b].[CreatedAt] DESC
info: Microsoft.EntityFrameworkCore.Database.Command[20101]
      Executed DbCommand (1ms) [Parameters=[], CommandType='Text', CommandTimeout='30']
      SELECT [b].[Id], [b].[ApprovalStatus], [b].[AuthorName], [b].[CategoryId], [b].[Code], [b].[Condition], [b].[CreatedAt], [b].[CreatedBy], [b].[CreatedByName], [b].[CreatedByRole], [b].[Description], [b].[Featured], [b].[ImageUrl], [b].[ImportTicketId], [b].[IsActive], [b].[Language], [b].[OriginalPrice], [b].[Pages], [b].[Price], [b].[Publisher], [b].[RejectionNote], [b].[Seller], [b].[SellerNote], [b].[Stock], [b].[Title], [b].[Year], [c].[Id], [c].[Code], [c].[Description], [c].[Name]
      FROM [Books] AS [b]
      INNER JOIN [Categories] AS [c] ON [b].[CategoryId] = [c].[Id]
      ORDER BY [b].[CreatedAt] DESC
info: Microsoft.EntityFrameworkCore.Database.Command[20101]
      Executed DbCommand (1ms) [Parameters=[@__id_0='?' (DbType = Guid)], CommandType='Text', CommandTimeout='30']
      SELECT TOP(1) [b].[Id], [b].[ApprovalStatus], [b].[AuthorName], [b].[CategoryId], [b].[Code], [b].[Condition], [b].[CreatedAt], [b].[CreatedBy], [b].[CreatedByName], [b].[CreatedByRole], [b].[Description], [b].[Featured], [b].[ImageUrl], [b].[ImportTicketId], [b].[IsActive], [b].[Language], [b].[OriginalPrice], [b].[Pages], [b].[Price], [b].[Publisher], [b].[RejectionNote], [b].[Seller], [b].[SellerNote], [b].[Stock], [b].[Title], [b].[Year], [c].[Id], [c].[Code], [c].[Description], [c].[Name]
      FROM [Books] AS [b]
      INNER JOIN [Categories] AS [c] ON [b].[CategoryId] = [c].[Id]
      WHERE [b].[Id] = @__id_0
info: Microsoft.EntityFrameworkCore.Database.Command[20101]
      Executed DbCommand (0ms) [Parameters=[@__name_0='?' (Size = 4000)], CommandType='Text', CommandTimeout='30']
      SELECT TOP(1) [c].[Id], [c].[Code], [c].[Description], [c].[Name]
      FROM [Categories] AS [c]
      WHERE [c].[Name] = @__name_0
info: Microsoft.EntityFrameworkCore.Database.Command[20101]
      Executed DbCommand (1ms) [Parameters=[@p1='?' (DbType = Guid), @p0='?' (DbType = Boolean)], CommandType='Text', CommandTimeout='30']
      SET IMPLICIT_TRANSACTIONS OFF;
      SET NOCOUNT ON;
      UPDATE [Books] SET [IsActive] = @p0
      OUTPUT 1
      WHERE [Id] = @p1;
info: Microsoft.EntityFrameworkCore.Database.Command[20101]
      Executed DbCommand (2ms) [Parameters=[], CommandType='Text', CommandTimeout='30']
      SELECT [b].[Id], [b].[ApprovalStatus], [b].[AuthorName], [b].[CategoryId], [b].[Code], [b].[Condition], [b].[CreatedAt], [b].[CreatedBy], [b].[CreatedByName], [b].[CreatedByRole], [b].[Description], [b].[Featured], [b].[ImageUrl], [b].[ImportTicketId], [b].[IsActive], [b].[Language], [b].[OriginalPrice], [b].[Pages], [b].[Price], [b].[Publisher], [b].[RejectionNote], [b].[Seller], [b].[SellerNote], [b].[Stock], [b].[Title], [b].[Year], [c].[Id], [c].[Code], [c].[Description], [c].[Name]
      FROM [Books] AS [b]
      INNER JOIN [Categories] AS [c] ON [b].[CategoryId] = [c].[Id]
      ORDER BY [b].[CreatedAt] DESC
info: Microsoft.EntityFrameworkCore.Database.Command[20101]
      Executed DbCommand (1ms) [Parameters=[], CommandType='Text', CommandTimeout='30']
      SELECT [b].[Id], [b].[ApprovalStatus], [b].[AuthorName], [b].[CategoryId], [b].[Code], [b].[Condition], [b].[CreatedAt], [b].[CreatedBy], [b].[CreatedByName], [b].[CreatedByRole], [b].[Description], [b].[Featured], [b].[ImageUrl], [b].[ImportTicketId], [b].[IsActive], [b].[Language], [b].[OriginalPrice], [b].[Pages], [b].[Price], [b].[Publisher], [b].[RejectionNote], [b].[Seller], [b].[SellerNote], [b].[Stock], [b].[Title], [b].[Year], [c].[Id], [c].[Code], [c].[Description], [c].[Name]
      FROM [Books] AS [b]
      INNER JOIN [Categories] AS [c] ON [b].[CategoryId] = [c].[Id]
      ORDER BY [b].[CreatedAt] DESC
info: Microsoft.EntityFrameworkCore.Database.Command[20101]
      Executed DbCommand (1ms) [Parameters=[@__id_0='?' (DbType = Guid)], CommandType='Text', CommandTimeout='30']
      SELECT TOP(1) [b].[Id], [b].[ApprovalStatus], [b].[AuthorName], [b].[CategoryId], [b].[Code], [b].[Condition], [b].[CreatedAt], [b].[CreatedBy], [b].[CreatedByName], [b].[CreatedByRole], [b].[Description], [b].[Featured], [b].[ImageUrl], [b].[ImportTicketId], [b].[IsActive], [b].[Language], [b].[OriginalPrice], [b].[Pages], [b].[Price], [b].[Publisher], [b].[RejectionNote], [b].[Seller], [b].[SellerNote], [b].[Stock], [b].[Title], [b].[Year], [c].[Id], [c].[Code], [c].[Description], [c].[Name]
      FROM [Books] AS [b]
      INNER JOIN [Categories] AS [c] ON [b].[CategoryId] = [c].[Id]
      WHERE [b].[Id] = @__id_0
info: Microsoft.EntityFrameworkCore.Database.Command[20101]
      Executed DbCommand (1ms) [Parameters=[@__name_0='?' (Size = 4000)], CommandType='Text', CommandTimeout='30']
      SELECT TOP(1) [c].[Id], [c].[Code], [c].[Description], [c].[Name]
      FROM [Categories] AS [c]
      WHERE [c].[Name] = @__name_0
info: Microsoft.EntityFrameworkCore.Database.Command[20101]
      Executed DbCommand (1ms) [Parameters=[@p1='?' (DbType = Guid), @p0='?' (DbType = Boolean)], CommandType='Text', CommandTimeout='30']
      SET IMPLICIT_TRANSACTIONS OFF;
      SET NOCOUNT ON;
      UPDATE [Books] SET [IsActive] = @p0
      OUTPUT 1
      WHERE [Id] = @p1;
info: Microsoft.EntityFrameworkCore.Database.Command[20101]
      Executed DbCommand (1ms) [Parameters=[], CommandType='Text', CommandTimeout='30']
      SELECT [b].[Id], [b].[ApprovalStatus], [b].[AuthorName], [b].[CategoryId], [b].[Code], [b].[Condition], [b].[CreatedAt], [b].[CreatedBy], [b].[CreatedByName], [b].[CreatedByRole], [b].[Description], [b].[Featured], [b].[ImageUrl], [b].[ImportTicketId], [b].[IsActive], [b].[Language], [b].[OriginalPrice], [b].[Pages], [b].[Price], [b].[Publisher], [b].[RejectionNote], [b].[Seller], [b].[SellerNote], [b].[Stock], [b].[Title], [b].[Year], [c].[Id], [c].[Code], [c].[Description], [c].[Name]
      FROM [Books] AS [b]
      INNER JOIN [Categories] AS [c] ON [b].[CategoryId] = [c].[Id]
      ORDER BY [b].[CreatedAt] DESC
info: Microsoft.EntityFrameworkCore.Database.Command[20101]
      Executed DbCommand (1ms) [Parameters=[], CommandType='Text', CommandTimeout='30']
      SELECT [b].[Id], [b].[ApprovalStatus], [b].[AuthorName], [b].[CategoryId], [b].[Code], [b].[Condition], [b].[CreatedAt], [b].[CreatedBy], [b].[CreatedByName], [b].[CreatedByRole], [b].[Description], [b].[Featured], [b].[ImageUrl], [b].[ImportTicketId], [b].[IsActive], [b].[Language], [b].[OriginalPrice], [b].[Pages], [b].[Price], [b].[Publisher], [b].[RejectionNote], [b].[Seller], [b].[SellerNote], [b].[Stock], [b].[Title], [b].[Year], [c].[Id], [c].[Code], [c].[Description], [c].[Name]
      FROM [Books] AS [b]
      INNER JOIN [Categories] AS [c] ON [b].[CategoryId] = [c].[Id]
      ORDER BY [b].[CreatedAt] DESC
info: Microsoft.EntityFrameworkCore.Database.Command[20101]
      Executed DbCommand (7ms) [Parameters=[], CommandType='Text', CommandTimeout='30']
      SELECT [a].[Id], [a].[ApprovalStatus], [a].[BrandId], [a].[CreatedBy], [a].[CreatedByName], [a].[CreatedByRole], [a].[Description], [a].[ImageUrl], [a].[ImportTicketId], [a].[IsActive], [a].[Name], [a].[OriginalPrice], [a].[Price], [a].[RejectionNote], [a].[Stock], [a].[TypeId], [b].[Id], [b].[Description], [b].[Name], [a0].[Id], [a0].[Description], [a0].[Name]
      FROM [Accessories] AS [a]
      INNER JOIN [Brands] AS [b] ON [a].[BrandId] = [b].[Id]
      INNER JOIN [AccessoryTypes] AS [a0] ON [a].[TypeId] = [a0].[Id]
      ORDER BY [a].[Name]
info: Microsoft.EntityFrameworkCore.Database.Command[20101]
      Executed DbCommand (4ms) [Parameters=[@__normalizedRoleName_0='?' (Size = 256)], CommandType='Text', CommandTimeout='30']
      SELECT TOP(2) [a].[Id], [a].[ConcurrencyStamp], [a].[Name], [a].[NormalizedName]
      FROM [AspNetRoles] AS [a]
      WHERE [a].[NormalizedName] = @__normalizedRoleName_0
info: Microsoft.EntityFrameworkCore.Database.Command[20101]
      Executed DbCommand (5ms) [Parameters=[@__role_Id_0='?' (DbType = Guid)], CommandType='Text', CommandTimeout='30']
      SELECT [a0].[Id], [a0].[AccessFailedCount], [a0].[Address], [a0].[AvatarUrl], [a0].[ConcurrencyStamp], [a0].[Email], [a0].[EmailConfirmed], [a0].[FullName], [a0].[LockoutEnabled], [a0].[LockoutEnd], [a0].[NormalizedEmail], [a0].[NormalizedUserName], [a0].[PasswordHash], [a0].[PhoneNumber], [a0].[PhoneNumberConfirmed], [a0].[SecurityStamp], [a0].[TwoFactorEnabled], [a0].[UserName]
      FROM [AspNetUserRoles] AS [a]
      INNER JOIN [AspNetUsers] AS [a0] ON [a].[UserId] = [a0].[Id]
      WHERE [a].[RoleId] = @__role_Id_0
info: Microsoft.EntityFrameworkCore.Database.Command[20101]
      Executed DbCommand (3ms) [Parameters=[@__userId_0='?' (DbType = Guid)], CommandType='Text', CommandTimeout='30']
      SELECT [a0].[Name]
      FROM [AspNetUserRoles] AS [a]
      INNER JOIN [AspNetRoles] AS [a0] ON [a].[RoleId] = [a0].[Id]
      WHERE [a].[UserId] = @__userId_0
info: Microsoft.EntityFrameworkCore.Database.Command[20101]
      Executed DbCommand (1ms) [Parameters=[], CommandType='Text', CommandTimeout='30']
      SELECT [a].[Id], [a].[ApprovalStatus], [a].[BrandId], [a].[CreatedBy], [a].[CreatedByName], [a].[CreatedByRole], [a].[Description], [a].[ImageUrl], [a].[ImportTicketId], [a].[IsActive], [a].[Name], [a].[OriginalPrice], [a].[Price], [a].[RejectionNote], [a].[Stock], [a].[TypeId], [b].[Id], [b].[Description], [b].[Name], [a0].[Id], [a0].[Description], [a0].[Name]
      FROM [Accessories] AS [a]
      INNER JOIN [Brands] AS [b] ON [a].[BrandId] = [b].[Id]
      INNER JOIN [AccessoryTypes] AS [a0] ON [a].[TypeId] = [a0].[Id]
      ORDER BY [a].[Name]
info: Microsoft.EntityFrameworkCore.Database.Command[20101]
      Executed DbCommand (2ms) [Parameters=[], CommandType='Text', CommandTimeout='30']
      SELECT [b].[Id], [b].[ApprovalStatus], [b].[AuthorName], [b].[CategoryId], [b].[Code], [b].[Condition], [b].[CreatedAt], [b].[CreatedBy], [b].[CreatedByName], [b].[CreatedByRole], [b].[Description], [b].[Featured], [b].[ImageUrl], [b].[ImportTicketId], [b].[IsActive], [b].[Language], [b].[OriginalPrice], [b].[Pages], [b].[Price], [b].[Publisher], [b].[RejectionNote], [b].[Seller], [b].[SellerNote], [b].[Stock], [b].[Title], [b].[Year], [c].[Id], [c].[Code], [c].[Description], [c].[Name]
      FROM [Books] AS [b]
      INNER JOIN [Categories] AS [c] ON [b].[CategoryId] = [c].[Id]
      ORDER BY [b].[CreatedAt] DESC
info: Microsoft.EntityFrameworkCore.Database.Command[20101]
      Executed DbCommand (4ms) [Parameters=[@__normalizedRoleName_0='?' (Size = 256)], CommandType='Text', CommandTimeout='30']
      SELECT TOP(2) [a].[Id], [a].[ConcurrencyStamp], [a].[Name], [a].[NormalizedName]
      FROM [AspNetRoles] AS [a]
      WHERE [a].[NormalizedName] = @__normalizedRoleName_0
info: Microsoft.EntityFrameworkCore.Database.Command[20101]
      Executed DbCommand (1ms) [Parameters=[@__role_Id_0='?' (DbType = Guid)], CommandType='Text', CommandTimeout='30']
      SELECT [a0].[Id], [a0].[AccessFailedCount], [a0].[Address], [a0].[AvatarUrl], [a0].[ConcurrencyStamp], [a0].[Email], [a0].[EmailConfirmed], [a0].[FullName], [a0].[LockoutEnabled], [a0].[LockoutEnd], [a0].[NormalizedEmail], [a0].[NormalizedUserName], [a0].[PasswordHash], [a0].[PhoneNumber], [a0].[PhoneNumberConfirmed], [a0].[SecurityStamp], [a0].[TwoFactorEnabled], [a0].[UserName]
      FROM [AspNetUserRoles] AS [a]
      INNER JOIN [AspNetUsers] AS [a0] ON [a].[UserId] = [a0].[Id]
      WHERE [a].[RoleId] = @__role_Id_0
info: Microsoft.EntityFrameworkCore.Database.Command[20101]
      Executed DbCommand (1ms) [Parameters=[@__userId_0='?' (DbType = Guid)], CommandType='Text', CommandTimeout='30']
      SELECT [a0].[Name]
      FROM [AspNetUserRoles] AS [a]
      INNER JOIN [AspNetRoles] AS [a0] ON [a].[RoleId] = [a0].[Id]
      WHERE [a].[UserId] = @__userId_0
info: Microsoft.EntityFrameworkCore.Database.Command[20101]
      Executed DbCommand (3ms) [Parameters=[], CommandType='Text', CommandTimeout='30']
      SELECT [o].[Id], [o].[Status], [o].[TotalAmount], [o].[OrderDate]
      FROM [Orders] AS [o]
info: Microsoft.EntityFrameworkCore.Database.Command[20101]
      Executed DbCommand (3ms) [Parameters=[@__normalizedRoleName_0='?' (Size = 256)], CommandType='Text', CommandTimeout='30']
      SELECT TOP(2) [a].[Id], [a].[ConcurrencyStamp], [a].[Name], [a].[NormalizedName]
      FROM [AspNetRoles] AS [a]
      WHERE [a].[NormalizedName] = @__normalizedRoleName_0
info: Microsoft.EntityFrameworkCore.Database.Command[20101]
      Executed DbCommand (1ms) [Parameters=[@__role_Id_0='?' (DbType = Guid)], CommandType='Text', CommandTimeout='30']
      SELECT [a0].[Id], [a0].[AccessFailedCount], [a0].[Address], [a0].[AvatarUrl], [a0].[ConcurrencyStamp], [a0].[Email], [a0].[EmailConfirmed], [a0].[FullName], [a0].[LockoutEnabled], [a0].[LockoutEnd], [a0].[NormalizedEmail], [a0].[NormalizedUserName], [a0].[PasswordHash], [a0].[PhoneNumber], [a0].[PhoneNumberConfirmed], [a0].[SecurityStamp], [a0].[TwoFactorEnabled], [a0].[UserName]
      FROM [AspNetUserRoles] AS [a]
      INNER JOIN [AspNetUsers] AS [a0] ON [a].[UserId] = [a0].[Id]
      WHERE [a].[RoleId] = @__role_Id_0
info: Microsoft.EntityFrameworkCore.Database.Command[20101]
      Executed DbCommand (1ms) [Parameters=[@__normalizedRoleName_0='?' (Size = 256)], CommandType='Text', CommandTimeout='30']
      SELECT TOP(2) [a].[Id], [a].[ConcurrencyStamp], [a].[Name], [a].[NormalizedName]
      FROM [AspNetRoles] AS [a]
      WHERE [a].[NormalizedName] = @__normalizedRoleName_0
info: Microsoft.EntityFrameworkCore.Database.Command[20101]
      Executed DbCommand (5ms) [Parameters=[], CommandType='Text', CommandTimeout='30']
      SELECT [o].[ProductName], [o].[ProductTypeText], [o].[Quantity], [o].[Price], [o0].[Status] AS [OrderStatus]
      FROM [OrderItems] AS [o]
      INNER JOIN [Orders] AS [o0] ON [o].[OrderId] = [o0].[Id]
info: Microsoft.EntityFrameworkCore.Database.Command[20101]
      Executed DbCommand (2ms) [Parameters=[@__get_Item_0='?' (DbType = Guid), @__get_Item_1='?' (DbType = Guid)], CommandType='Text', CommandTimeout='30']
      SELECT TOP(1) [a].[UserId], [a].[RoleId]
      FROM [AspNetUserRoles] AS [a]
      WHERE [a].[UserId] = @__get_Item_0 AND [a].[RoleId] = @__get_Item_1
info: Microsoft.EntityFrameworkCore.Database.Command[20101]
      Executed DbCommand (1ms) [Parameters=[@__normalizedRoleName_0='?' (Size = 256)], CommandType='Text', CommandTimeout='30']
      SELECT TOP(2) [a].[Id], [a].[ConcurrencyStamp], [a].[Name], [a].[NormalizedName]
      FROM [AspNetRoles] AS [a]
      WHERE [a].[NormalizedName] = @__normalizedRoleName_0
info: Microsoft.EntityFrameworkCore.Database.Command[20101]
      Executed DbCommand (0ms) [Parameters=[@__get_Item_0='?' (DbType = Guid), @__get_Item_1='?' (DbType = Guid)], CommandType='Text', CommandTimeout='30']
      SELECT TOP(1) [a].[UserId], [a].[RoleId]
      FROM [AspNetUserRoles] AS [a]
      WHERE [a].[UserId] = @__get_Item_0 AND [a].[RoleId] = @__get_Item_1
info: Microsoft.EntityFrameworkCore.Database.Command[20101]
      Executed DbCommand (1ms) [Parameters=[@__userId_0='?' (DbType = Guid)], CommandType='Text', CommandTimeout='30']
      SELECT [a0].[Name]
      FROM [AspNetUserRoles] AS [a]
      INNER JOIN [AspNetRoles] AS [a0] ON [a].[RoleId] = [a0].[Id]
      WHERE [a].[UserId] = @__userId_0
info: Microsoft.EntityFrameworkCore.Database.Command[20101]
      Executed DbCommand (3ms) [Parameters=[], CommandType='Text', CommandTimeout='30']
      SELECT [b].[Stock], [b].[IsActive], [b].[ApprovalStatus], [c].[Name] AS [Category]
      FROM [Books] AS [b]
      INNER JOIN [Categories] AS [c] ON [b].[CategoryId] = [c].[Id]
info: Microsoft.EntityFrameworkCore.Database.Command[20101]
      Executed DbCommand (2ms) [Parameters=[@__normalizedRoleName_0='?' (Size = 256)], CommandType='Text', CommandTimeout='30']
      SELECT TOP(2) [a].[Id], [a].[ConcurrencyStamp], [a].[Name], [a].[NormalizedName]
      FROM [AspNetRoles] AS [a]
      WHERE [a].[NormalizedName] = @__normalizedRoleName_0
info: Microsoft.EntityFrameworkCore.Database.Command[20101]
      Executed DbCommand (3ms) [Parameters=[], CommandType='Text', CommandTimeout='30']
      SELECT [a].[Stock], [a].[IsActive], [a].[ApprovalStatus], [a0].[Name] AS [Category]
      FROM [Accessories] AS [a]
      INNER JOIN [AccessoryTypes] AS [a0] ON [a].[TypeId] = [a0].[Id]
info: Microsoft.EntityFrameworkCore.Database.Command[20101]
      Executed DbCommand (2ms) [Parameters=[@__get_Item_0='?' (DbType = Guid), @__get_Item_1='?' (DbType = Guid)], CommandType='Text', CommandTimeout='30']
      SELECT TOP(1) [a].[UserId], [a].[RoleId]
      FROM [AspNetUserRoles] AS [a]
      WHERE [a].[UserId] = @__get_Item_0 AND [a].[RoleId] = @__get_Item_1
info: Microsoft.EntityFrameworkCore.Database.Command[20101]
      Executed DbCommand (2ms) [Parameters=[], CommandType='Text', CommandTimeout='30']
      SELECT [b].[Status], [b].[ProposedPrice], [b].[ApprovedPrice]
      FROM [BuybackRequests] AS [b]
info: Microsoft.EntityFrameworkCore.Database.Command[20101]
      Executed DbCommand (0ms) [Parameters=[@__normalizedRoleName_0='?' (Size = 256)], CommandType='Text', CommandTimeout='30']
      SELECT TOP(2) [a].[Id], [a].[ConcurrencyStamp], [a].[Name], [a].[NormalizedName]
      FROM [AspNetRoles] AS [a]
      WHERE [a].[NormalizedName] = @__normalizedRoleName_0
info: Microsoft.EntityFrameworkCore.Database.Command[20101]
      Executed DbCommand (0ms) [Parameters=[@__normalizedRoleName_0='?' (Size = 256)], CommandType='Text', CommandTimeout='30']
      SELECT TOP(2) [a].[Id], [a].[ConcurrencyStamp], [a].[Name], [a].[NormalizedName]
      FROM [AspNetRoles] AS [a]
      WHERE [a].[NormalizedName] = @__normalizedRoleName_0
info: Microsoft.EntityFrameworkCore.Database.Command[20101]
      Executed DbCommand (0ms) [Parameters=[@__get_Item_0='?' (DbType = Guid), @__get_Item_1='?' (DbType = Guid)], CommandType='Text', CommandTimeout='30']
      SELECT TOP(1) [a].[UserId], [a].[RoleId]
      FROM [AspNetUserRoles] AS [a]
      WHERE [a].[UserId] = @__get_Item_0 AND [a].[RoleId] = @__get_Item_1
info: Microsoft.EntityFrameworkCore.Database.Command[20101]
      Executed DbCommand (0ms) [Parameters=[@__role_Id_0='?' (DbType = Guid)], CommandType='Text', CommandTimeout='30']
      SELECT [a0].[Id], [a0].[AccessFailedCount], [a0].[Address], [a0].[AvatarUrl], [a0].[ConcurrencyStamp], [a0].[Email], [a0].[EmailConfirmed], [a0].[FullName], [a0].[LockoutEnabled], [a0].[LockoutEnd], [a0].[NormalizedEmail], [a0].[NormalizedUserName], [a0].[PasswordHash], [a0].[PhoneNumber], [a0].[PhoneNumberConfirmed], [a0].[SecurityStamp], [a0].[TwoFactorEnabled], [a0].[UserName]
      FROM [AspNetUserRoles] AS [a]
      INNER JOIN [AspNetUsers] AS [a0] ON [a].[UserId] = [a0].[Id]
      WHERE [a].[RoleId] = @__role_Id_0
info: Microsoft.EntityFrameworkCore.Database.Command[20101]
      Executed DbCommand (0ms) [Parameters=[@__userId_0='?' (DbType = Guid)], CommandType='Text', CommandTimeout='30']
      SELECT [a0].[Name]
      FROM [AspNetUserRoles] AS [a]
      INNER JOIN [AspNetRoles] AS [a0] ON [a].[RoleId] = [a0].[Id]
      WHERE [a].[UserId] = @__userId_0
info: Microsoft.EntityFrameworkCore.Database.Command[20101]
      Executed DbCommand (0ms) [Parameters=[@__normalizedRoleName_0='?' (Size = 256)], CommandType='Text', CommandTimeout='30']
      SELECT TOP(2) [a].[Id], [a].[ConcurrencyStamp], [a].[Name], [a].[NormalizedName]
      FROM [AspNetRoles] AS [a]
      WHERE [a].[NormalizedName] = @__normalizedRoleName_0
info: Microsoft.EntityFrameworkCore.Database.Command[20101]
      Executed DbCommand (0ms) [Parameters=[@__role_Id_0='?' (DbType = Guid)], CommandType='Text', CommandTimeout='30']
      SELECT [a0].[Id], [a0].[AccessFailedCount], [a0].[Address], [a0].[AvatarUrl], [a0].[ConcurrencyStamp], [a0].[Email], [a0].[EmailConfirmed], [a0].[FullName], [a0].[LockoutEnabled], [a0].[LockoutEnd], [a0].[NormalizedEmail], [a0].[NormalizedUserName], [a0].[PasswordHash], [a0].[PhoneNumber], [a0].[PhoneNumberConfirmed], [a0].[SecurityStamp], [a0].[TwoFactorEnabled], [a0].[UserName]
      FROM [AspNetUserRoles] AS [a]
      INNER JOIN [AspNetUsers] AS [a0] ON [a].[UserId] = [a0].[Id]
      WHERE [a].[RoleId] = @__role_Id_0
info: Microsoft.EntityFrameworkCore.Database.Command[20101]
      Executed DbCommand (0ms) [Parameters=[@__normalizedRoleName_0='?' (Size = 256)], CommandType='Text', CommandTimeout='30']
      SELECT TOP(2) [a].[Id], [a].[ConcurrencyStamp], [a].[Name], [a].[NormalizedName]
      FROM [AspNetRoles] AS [a]
      WHERE [a].[NormalizedName] = @__normalizedRoleName_0
info: Microsoft.EntityFrameworkCore.Database.Command[20101]
      Executed DbCommand (1ms) [Parameters=[@__role_Id_0='?' (DbType = Guid)], CommandType='Text', CommandTimeout='30']
      SELECT [a0].[Id], [a0].[AccessFailedCount], [a0].[Address], [a0].[AvatarUrl], [a0].[ConcurrencyStamp], [a0].[Email], [a0].[EmailConfirmed], [a0].[FullName], [a0].[LockoutEnabled], [a0].[LockoutEnd], [a0].[NormalizedEmail], [a0].[NormalizedUserName], [a0].[PasswordHash], [a0].[PhoneNumber], [a0].[PhoneNumberConfirmed], [a0].[SecurityStamp], [a0].[TwoFactorEnabled], [a0].[UserName]
      FROM [AspNetUserRoles] AS [a]
      INNER JOIN [AspNetUsers] AS [a0] ON [a].[UserId] = [a0].[Id]
      WHERE [a].[RoleId] = @__role_Id_0
info: Microsoft.EntityFrameworkCore.Database.Command[20101]
      Executed DbCommand (8ms) [Parameters=[@__customerId_0='?' (DbType = Guid)], CommandType='Text', CommandTimeout='30']
      SELECT [o].[Id], [o].[CancellationReason], [o].[CancelledAt], [o].[CustomerId], [o].[Discount], [o].[Notes], [o].[OrderDate], [o].[PaymentMethod], [o].[ReceiverEmail], [o].[ReceiverName], [o].[ReceiverPhone], [o].[ReturnReason], [o].[ReturnReasonDetail], [o].[ReturnRequestedAt], [o].[ReturnReviewNote], [o].[ReturnReviewedAt], [o].[ShippingAddress], [o].[ShippingFee], [o].[Status], [o].[TotalAmount], [o].[VoucherId], [o0].[Id], [o0].[AccessoryId], [o0].[Author], [o0].[BlindBoxGenre], [o0].[BlindBoxTier], [o0].[BookId], [o0].[Brand], [o0].[Category], [o0].[OrderId], [o0].[Price], [o0].[ProductImage], [o0].[ProductName], [o0].[ProductTypeText], [o0].[Quantity]
      FROM [Orders] AS [o]
      LEFT JOIN [OrderItems] AS [o0] ON [o].[Id] = [o0].[OrderId]
      WHERE [o].[CustomerId] = @__customerId_0
      ORDER BY [o].[OrderDate] DESC, [o].[Id]
info: Microsoft.EntityFrameworkCore.Database.Command[20101]
      Executed DbCommand (9ms) [Parameters=[], CommandType='Text', CommandTimeout='30']
      SELECT [a].[Id], [a].[ApprovalStatus], [a].[BrandId], [a].[CreatedBy], [a].[CreatedByName], [a].[CreatedByRole], [a].[Description], [a].[ImageUrl], [a].[ImportTicketId], [a].[IsActive], [a].[Name], [a].[OriginalPrice], [a].[Price], [a].[RejectionNote], [a].[Stock], [a].[TypeId], [b].[Id], [b].[Description], [b].[Name], [a0].[Id], [a0].[Description], [a0].[Name]
      FROM [Accessories] AS [a]
      INNER JOIN [Brands] AS [b] ON [a].[BrandId] = [b].[Id]
      INNER JOIN [AccessoryTypes] AS [a0] ON [a].[TypeId] = [a0].[Id]
      ORDER BY [a].[Name]
info: Microsoft.EntityFrameworkCore.Database.Command[20101]
      Executed DbCommand (7ms) [Parameters=[], CommandType='Text', CommandTimeout='30']
      SELECT [b].[Id], [b].[ApprovalStatus], [b].[AuthorName], [b].[CategoryId], [b].[Code], [b].[Condition], [b].[CreatedAt], [b].[CreatedBy], [b].[CreatedByName], [b].[CreatedByRole], [b].[Description], [b].[Featured], [b].[ImageUrl], [b].[ImportTicketId], [b].[IsActive], [b].[Language], [b].[OriginalPrice], [b].[Pages], [b].[Price], [b].[Publisher], [b].[RejectionNote], [b].[Seller], [b].[SellerNote], [b].[Stock], [b].[Title], [b].[Year], [c].[Id], [c].[Code], [c].[Description], [c].[Name]
      FROM [Books] AS [b]
      INNER JOIN [Categories] AS [c] ON [b].[CategoryId] = [c].[Id]
      ORDER BY [b].[CreatedAt] DESC
info: Microsoft.EntityFrameworkCore.Database.Command[20101]
      Executed DbCommand (1ms) [Parameters=[], CommandType='Text', CommandTimeout='30']
      SELECT [b].[Id], [b].[ApprovalStatus], [b].[AuthorName], [b].[CategoryId], [b].[Code], [b].[Condition], [b].[CreatedAt], [b].[CreatedBy], [b].[CreatedByName], [b].[CreatedByRole], [b].[Description], [b].[Featured], [b].[ImageUrl], [b].[ImportTicketId], [b].[IsActive], [b].[Language], [b].[OriginalPrice], [b].[Pages], [b].[Price], [b].[Publisher], [b].[RejectionNote], [b].[Seller], [b].[SellerNote], [b].[Stock], [b].[Title], [b].[Year], [c].[Id], [c].[Code], [c].[Description], [c].[Name]
      FROM [Books] AS [b]
      INNER JOIN [Categories] AS [c] ON [b].[CategoryId] = [c].[Id]
      ORDER BY [b].[CreatedAt] DESC
info: Microsoft.EntityFrameworkCore.Database.Command[20101]
      Executed DbCommand (1ms) [Parameters=[], CommandType='Text', CommandTimeout='30']
      SELECT [a].[Id], [a].[ApprovalStatus], [a].[BrandId], [a].[CreatedBy], [a].[CreatedByName], [a].[CreatedByRole], [a].[Description], [a].[ImageUrl], [a].[ImportTicketId], [a].[IsActive], [a].[Name], [a].[OriginalPrice], [a].[Price], [a].[RejectionNote], [a].[Stock], [a].[TypeId], [b].[Id], [b].[Description], [b].[Name], [a0].[Id], [a0].[Description], [a0].[Name]
      FROM [Accessories] AS [a]
      INNER JOIN [Brands] AS [b] ON [a].[BrandId] = [b].[Id]
      INNER JOIN [AccessoryTypes] AS [a0] ON [a].[TypeId] = [a0].[Id]
      ORDER BY [a].[Name]
info: Microsoft.EntityFrameworkCore.Database.Command[20101]
      Executed DbCommand (2ms) [Parameters=[@__normalizedRoleName_0='?' (Size = 256)], CommandType='Text', CommandTimeout='30']
      SELECT TOP(2) [a].[Id], [a].[ConcurrencyStamp], [a].[Name], [a].[NormalizedName]
      FROM [AspNetRoles] AS [a]
      WHERE [a].[NormalizedName] = @__normalizedRoleName_0
info: Microsoft.EntityFrameworkCore.Database.Command[20101]
      Executed DbCommand (4ms) [Parameters=[], CommandType='Text', CommandTimeout='30']
      SELECT [o].[Id], [o].[Status], [o].[TotalAmount], [o].[OrderDate]
      FROM [Orders] AS [o]
info: Microsoft.EntityFrameworkCore.Database.Command[20101]
      Executed DbCommand (7ms) [Parameters=[@__normalizedRoleName_0='?' (Size = 256)], CommandType='Text', CommandTimeout='30']
      SELECT TOP(2) [a].[Id], [a].[ConcurrencyStamp], [a].[Name], [a].[NormalizedName]
      FROM [AspNetRoles] AS [a]
      WHERE [a].[NormalizedName] = @__normalizedRoleName_0
info: Microsoft.EntityFrameworkCore.Database.Command[20101]
      Executed DbCommand (4ms) [Parameters=[@__role_Id_0='?' (DbType = Guid)], CommandType='Text', CommandTimeout='30']
      SELECT [a0].[Id], [a0].[AccessFailedCount], [a0].[Address], [a0].[AvatarUrl], [a0].[ConcurrencyStamp], [a0].[Email], [a0].[EmailConfirmed], [a0].[FullName], [a0].[LockoutEnabled], [a0].[LockoutEnd], [a0].[NormalizedEmail], [a0].[NormalizedUserName], [a0].[PasswordHash], [a0].[PhoneNumber], [a0].[PhoneNumberConfirmed], [a0].[SecurityStamp], [a0].[TwoFactorEnabled], [a0].[UserName]
      FROM [AspNetUserRoles] AS [a]
      INNER JOIN [AspNetUsers] AS [a0] ON [a].[UserId] = [a0].[Id]
      WHERE [a].[RoleId] = @__role_Id_0
info: Microsoft.EntityFrameworkCore.Database.Command[20101]
      Executed DbCommand (1ms) [Parameters=[@__role_Id_0='?' (DbType = Guid)], CommandType='Text', CommandTimeout='30']
      SELECT [a0].[Id], [a0].[AccessFailedCount], [a0].[Address], [a0].[AvatarUrl], [a0].[ConcurrencyStamp], [a0].[Email], [a0].[EmailConfirmed], [a0].[FullName], [a0].[LockoutEnabled], [a0].[LockoutEnd], [a0].[NormalizedEmail], [a0].[NormalizedUserName], [a0].[PasswordHash], [a0].[PhoneNumber], [a0].[PhoneNumberConfirmed], [a0].[SecurityStamp], [a0].[TwoFactorEnabled], [a0].[UserName]
      FROM [AspNetUserRoles] AS [a]
      INNER JOIN [AspNetUsers] AS [a0] ON [a].[UserId] = [a0].[Id]
      WHERE [a].[RoleId] = @__role_Id_0
info: Microsoft.EntityFrameworkCore.Database.Command[20101]
      Executed DbCommand (4ms) [Parameters=[], CommandType='Text', CommandTimeout='30']
      SELECT [o].[ProductName], [o].[ProductTypeText], [o].[Quantity], [o].[Price], [o0].[Status] AS [OrderStatus]
      FROM [OrderItems] AS [o]
      INNER JOIN [Orders] AS [o0] ON [o].[OrderId] = [o0].[Id]
info: Microsoft.EntityFrameworkCore.Database.Command[20101]
      Executed DbCommand (0ms) [Parameters=[@__normalizedRoleName_0='?' (Size = 256)], CommandType='Text', CommandTimeout='30']
      SELECT TOP(2) [a].[Id], [a].[ConcurrencyStamp], [a].[Name], [a].[NormalizedName]
      FROM [AspNetRoles] AS [a]
      WHERE [a].[NormalizedName] = @__normalizedRoleName_0
info: Microsoft.EntityFrameworkCore.Database.Command[20101]
      Executed DbCommand (2ms) [Parameters=[@__get_Item_0='?' (DbType = Guid), @__get_Item_1='?' (DbType = Guid)], CommandType='Text', CommandTimeout='30']
      SELECT TOP(1) [a].[UserId], [a].[RoleId]
      FROM [AspNetUserRoles] AS [a]
      WHERE [a].[UserId] = @__get_Item_0 AND [a].[RoleId] = @__get_Item_1
info: Microsoft.EntityFrameworkCore.Database.Command[20101]
      Executed DbCommand (1ms) [Parameters=[@__normalizedRoleName_0='?' (Size = 256)], CommandType='Text', CommandTimeout='30']
      SELECT TOP(2) [a].[Id], [a].[ConcurrencyStamp], [a].[Name], [a].[NormalizedName]
      FROM [AspNetRoles] AS [a]
      WHERE [a].[NormalizedName] = @__normalizedRoleName_0
info: Microsoft.EntityFrameworkCore.Database.Command[20101]
      Executed DbCommand (3ms) [Parameters=[], CommandType='Text', CommandTimeout='30']
      SELECT [b].[Stock], [b].[IsActive], [b].[ApprovalStatus], [c].[Name] AS [Category]
      FROM [Books] AS [b]
      INNER JOIN [Categories] AS [c] ON [b].[CategoryId] = [c].[Id]
info: Microsoft.EntityFrameworkCore.Database.Command[20101]
      Executed DbCommand (4ms) [Parameters=[@__userId_0='?' (DbType = Guid)], CommandType='Text', CommandTimeout='30']
      SELECT [a0].[Name]
      FROM [AspNetUserRoles] AS [a]
      INNER JOIN [AspNetRoles] AS [a0] ON [a].[RoleId] = [a0].[Id]
      WHERE [a].[UserId] = @__userId_0
info: Microsoft.EntityFrameworkCore.Database.Command[20101]
      Executed DbCommand (0ms) [Parameters=[@__get_Item_0='?' (DbType = Guid), @__get_Item_1='?' (DbType = Guid)], CommandType='Text', CommandTimeout='30']
      SELECT TOP(1) [a].[UserId], [a].[RoleId]
      FROM [AspNetUserRoles] AS [a]
      WHERE [a].[UserId] = @__get_Item_0 AND [a].[RoleId] = @__get_Item_1
info: Microsoft.EntityFrameworkCore.Database.Command[20101]
      Executed DbCommand (1ms) [Parameters=[@__userId_0='?' (DbType = Guid)], CommandType='Text', CommandTimeout='30']
      SELECT [a0].[Name]
      FROM [AspNetUserRoles] AS [a]
      INNER JOIN [AspNetRoles] AS [a0] ON [a].[RoleId] = [a0].[Id]
      WHERE [a].[UserId] = @__userId_0
info: Microsoft.EntityFrameworkCore.Database.Command[20101]
      Executed DbCommand (2ms) [Parameters=[], CommandType='Text', CommandTimeout='30']
      SELECT [a].[Stock], [a].[IsActive], [a].[ApprovalStatus], [a0].[Name] AS [Category]
      FROM [Accessories] AS [a]
      INNER JOIN [AccessoryTypes] AS [a0] ON [a].[TypeId] = [a0].[Id]
info: Microsoft.EntityFrameworkCore.Database.Command[20101]
      Executed DbCommand (1ms) [Parameters=[@__normalizedRoleName_0='?' (Size = 256)], CommandType='Text', CommandTimeout='30']
      SELECT TOP(2) [a].[Id], [a].[ConcurrencyStamp], [a].[Name], [a].[NormalizedName]
      FROM [AspNetRoles] AS [a]
      WHERE [a].[NormalizedName] = @__normalizedRoleName_0
info: Microsoft.EntityFrameworkCore.Database.Command[20101]
      Executed DbCommand (2ms) [Parameters=[], CommandType='Text', CommandTimeout='30']
      SELECT [b].[Status], [b].[ProposedPrice], [b].[ApprovedPrice]
      FROM [BuybackRequests] AS [b]
info: Microsoft.EntityFrameworkCore.Database.Command[20101]
      Executed DbCommand (2ms) [Parameters=[@__get_Item_0='?' (DbType = Guid), @__get_Item_1='?' (DbType = Guid)], CommandType='Text', CommandTimeout='30']
      SELECT TOP(1) [a].[UserId], [a].[RoleId]
      FROM [AspNetUserRoles] AS [a]
      WHERE [a].[UserId] = @__get_Item_0 AND [a].[RoleId] = @__get_Item_1
info: Microsoft.EntityFrameworkCore.Database.Command[20101]
      Executed DbCommand (1ms) [Parameters=[@__normalizedRoleName_0='?' (Size = 256)], CommandType='Text', CommandTimeout='30']
      SELECT TOP(2) [a].[Id], [a].[ConcurrencyStamp], [a].[Name], [a].[NormalizedName]
      FROM [AspNetRoles] AS [a]
      WHERE [a].[NormalizedName] = @__normalizedRoleName_0
info: Microsoft.EntityFrameworkCore.Database.Command[20101]
      Executed DbCommand (0ms) [Parameters=[@__normalizedRoleName_0='?' (Size = 256)], CommandType='Text', CommandTimeout='30']
      SELECT TOP(2) [a].[Id], [a].[ConcurrencyStamp], [a].[Name], [a].[NormalizedName]
      FROM [AspNetRoles] AS [a]
      WHERE [a].[NormalizedName] = @__normalizedRoleName_0
info: Microsoft.EntityFrameworkCore.Database.Command[20101]
      Executed DbCommand (1ms) [Parameters=[@__role_Id_0='?' (DbType = Guid)], CommandType='Text', CommandTimeout='30']
      SELECT [a0].[Id], [a0].[AccessFailedCount], [a0].[Address], [a0].[AvatarUrl], [a0].[ConcurrencyStamp], [a0].[Email], [a0].[EmailConfirmed], [a0].[FullName], [a0].[LockoutEnabled], [a0].[LockoutEnd], [a0].[NormalizedEmail], [a0].[NormalizedUserName], [a0].[PasswordHash], [a0].[PhoneNumber], [a0].[PhoneNumberConfirmed], [a0].[SecurityStamp], [a0].[TwoFactorEnabled], [a0].[UserName]
      FROM [AspNetUserRoles] AS [a]
      INNER JOIN [AspNetUsers] AS [a0] ON [a].[UserId] = [a0].[Id]
      WHERE [a].[RoleId] = @__role_Id_0
info: Microsoft.EntityFrameworkCore.Database.Command[20101]
      Executed DbCommand (1ms) [Parameters=[@__get_Item_0='?' (DbType = Guid), @__get_Item_1='?' (DbType = Guid)], CommandType='Text', CommandTimeout='30']
      SELECT TOP(1) [a].[UserId], [a].[RoleId]
      FROM [AspNetUserRoles] AS [a]
      WHERE [a].[UserId] = @__get_Item_0 AND [a].[RoleId] = @__get_Item_1
info: Microsoft.EntityFrameworkCore.Database.Command[20101]
      Executed DbCommand (1ms) [Parameters=[@__normalizedRoleName_0='?' (Size = 256)], CommandType='Text', CommandTimeout='30']
      SELECT TOP(2) [a].[Id], [a].[ConcurrencyStamp], [a].[Name], [a].[NormalizedName]
      FROM [AspNetRoles] AS [a]
      WHERE [a].[NormalizedName] = @__normalizedRoleName_0
info: Microsoft.EntityFrameworkCore.Database.Command[20101]
      Executed DbCommand (1ms) [Parameters=[@__userId_0='?' (DbType = Guid)], CommandType='Text', CommandTimeout='30']
      SELECT [a0].[Name]
      FROM [AspNetUserRoles] AS [a]
      INNER JOIN [AspNetRoles] AS [a0] ON [a].[RoleId] = [a0].[Id]
      WHERE [a].[UserId] = @__userId_0
info: Microsoft.EntityFrameworkCore.Database.Command[20101]
      Executed DbCommand (0ms) [Parameters=[@__role_Id_0='?' (DbType = Guid)], CommandType='Text', CommandTimeout='30']
      SELECT [a0].[Id], [a0].[AccessFailedCount], [a0].[Address], [a0].[AvatarUrl], [a0].[ConcurrencyStamp], [a0].[Email], [a0].[EmailConfirmed], [a0].[FullName], [a0].[LockoutEnabled], [a0].[LockoutEnd], [a0].[NormalizedEmail], [a0].[NormalizedUserName], [a0].[PasswordHash], [a0].[PhoneNumber], [a0].[PhoneNumberConfirmed], [a0].[SecurityStamp], [a0].[TwoFactorEnabled], [a0].[UserName]
      FROM [AspNetUserRoles] AS [a]
      INNER JOIN [AspNetUsers] AS [a0] ON [a].[UserId] = [a0].[Id]
      WHERE [a].[RoleId] = @__role_Id_0
info: Microsoft.EntityFrameworkCore.Database.Command[20101]
      Executed DbCommand (0ms) [Parameters=[@__normalizedRoleName_0='?' (Size = 256)], CommandType='Text', CommandTimeout='30']
      SELECT TOP(2) [a].[Id], [a].[ConcurrencyStamp], [a].[Name], [a].[NormalizedName]
      FROM [AspNetRoles] AS [a]
      WHERE [a].[NormalizedName] = @__normalizedRoleName_0
info: Microsoft.EntityFrameworkCore.Database.Command[20101]
      Executed DbCommand (0ms) [Parameters=[@__role_Id_0='?' (DbType = Guid)], CommandType='Text', CommandTimeout='30']
      SELECT [a0].[Id], [a0].[AccessFailedCount], [a0].[Address], [a0].[AvatarUrl], [a0].[ConcurrencyStamp], [a0].[Email], [a0].[EmailConfirmed], [a0].[FullName], [a0].[LockoutEnabled], [a0].[LockoutEnd], [a0].[NormalizedEmail], [a0].[NormalizedUserName], [a0].[PasswordHash], [a0].[PhoneNumber], [a0].[PhoneNumberConfirmed], [a0].[SecurityStamp], [a0].[TwoFactorEnabled], [a0].[UserName]
      FROM [AspNetUserRoles] AS [a]
      INNER JOIN [AspNetUsers] AS [a0] ON [a].[UserId] = [a0].[Id]
      WHERE [a].[RoleId] = @__role_Id_0
info: Microsoft.EntityFrameworkCore.Database.Command[20101]
      Executed DbCommand (7ms) [Parameters=[@__normalizedRoleName_0='?' (Size = 256)], CommandType='Text', CommandTimeout='30']
      SELECT TOP(2) [a].[Id], [a].[ConcurrencyStamp], [a].[Name], [a].[NormalizedName]
      FROM [AspNetRoles] AS [a]
      WHERE [a].[NormalizedName] = @__normalizedRoleName_0
info: Microsoft.EntityFrameworkCore.Database.Command[20101]
      Executed DbCommand (17ms) [Parameters=[], CommandType='Text', CommandTimeout='30']
      SELECT [a].[Id], [a].[ApprovalStatus], [a].[BrandId], [a].[CreatedBy], [a].[CreatedByName], [a].[CreatedByRole], [a].[Description], [a].[ImageUrl], [a].[ImportTicketId], [a].[IsActive], [a].[Name], [a].[OriginalPrice], [a].[Price], [a].[RejectionNote], [a].[Stock], [a].[TypeId], [b].[Id], [b].[Description], [b].[Name], [a0].[Id], [a0].[Description], [a0].[Name]
      FROM [Accessories] AS [a]
      INNER JOIN [Brands] AS [b] ON [a].[BrandId] = [b].[Id]
      INNER JOIN [AccessoryTypes] AS [a0] ON [a].[TypeId] = [a0].[Id]
      ORDER BY [a].[Name]
info: Microsoft.EntityFrameworkCore.Database.Command[20101]
      Executed DbCommand (1ms) [Parameters=[@__normalizedRoleName_0='?' (Size = 256)], CommandType='Text', CommandTimeout='30']
      SELECT TOP(2) [a].[Id], [a].[ConcurrencyStamp], [a].[Name], [a].[NormalizedName]
      FROM [AspNetRoles] AS [a]
      WHERE [a].[NormalizedName] = @__normalizedRoleName_0
info: Microsoft.EntityFrameworkCore.Database.Command[20101]
      Executed DbCommand (9ms) [Parameters=[@__role_Id_0='?' (DbType = Guid)], CommandType='Text', CommandTimeout='30']
      SELECT [a0].[Id], [a0].[AccessFailedCount], [a0].[Address], [a0].[AvatarUrl], [a0].[ConcurrencyStamp], [a0].[Email], [a0].[EmailConfirmed], [a0].[FullName], [a0].[LockoutEnabled], [a0].[LockoutEnd], [a0].[NormalizedEmail], [a0].[NormalizedUserName], [a0].[PasswordHash], [a0].[PhoneNumber], [a0].[PhoneNumberConfirmed], [a0].[SecurityStamp], [a0].[TwoFactorEnabled], [a0].[UserName]
      FROM [AspNetUserRoles] AS [a]
      INNER JOIN [AspNetUsers] AS [a0] ON [a].[UserId] = [a0].[Id]
      WHERE [a].[RoleId] = @__role_Id_0
info: Microsoft.EntityFrameworkCore.Database.Command[20101]
      Executed DbCommand (6ms) [Parameters=[@__customerId_0='?' (DbType = Guid)], CommandType='Text', CommandTimeout='30']
      SELECT [w].[Id], [w].[AccessoryId], [w].[BookId], [w].[CustomerId], [w].[UserId]
      FROM [WishlistItems] AS [w]
      WHERE [w].[CustomerId] = @__customerId_0
info: Microsoft.EntityFrameworkCore.Database.Command[20101]
      Executed DbCommand (13ms) [Parameters=[], CommandType='Text', CommandTimeout='30']
      SELECT [b].[Id], [b].[ApprovalStatus], [b].[AuthorName], [b].[CategoryId], [b].[Code], [b].[Condition], [b].[CreatedAt], [b].[CreatedBy], [b].[CreatedByName], [b].[CreatedByRole], [b].[Description], [b].[Featured], [b].[ImageUrl], [b].[ImportTicketId], [b].[IsActive], [b].[Language], [b].[OriginalPrice], [b].[Pages], [b].[Price], [b].[Publisher], [b].[RejectionNote], [b].[Seller], [b].[SellerNote], [b].[Stock], [b].[Title], [b].[Year], [c].[Id], [c].[Code], [c].[Description], [c].[Name]
      FROM [Books] AS [b]
      INNER JOIN [Categories] AS [c] ON [b].[CategoryId] = [c].[Id]
      ORDER BY [b].[CreatedAt] DESC
info: Microsoft.EntityFrameworkCore.Database.Command[20101]
      Executed DbCommand (6ms) [Parameters=[@__role_Id_0='?' (DbType = Guid)], CommandType='Text', CommandTimeout='30']
      SELECT [a0].[Id], [a0].[AccessFailedCount], [a0].[Address], [a0].[AvatarUrl], [a0].[ConcurrencyStamp], [a0].[Email], [a0].[EmailConfirmed], [a0].[FullName], [a0].[LockoutEnabled], [a0].[LockoutEnd], [a0].[NormalizedEmail], [a0].[NormalizedUserName], [a0].[PasswordHash], [a0].[PhoneNumber], [a0].[PhoneNumberConfirmed], [a0].[SecurityStamp], [a0].[TwoFactorEnabled], [a0].[UserName]
      FROM [AspNetUserRoles] AS [a]
      INNER JOIN [AspNetUsers] AS [a0] ON [a].[UserId] = [a0].[Id]
      WHERE [a].[RoleId] = @__role_Id_0
info: Microsoft.EntityFrameworkCore.Database.Command[20101]
      Executed DbCommand (1ms) [Parameters=[@__normalizedRoleName_0='?' (Size = 256)], CommandType='Text', CommandTimeout='30']
      SELECT TOP(2) [a].[Id], [a].[ConcurrencyStamp], [a].[Name], [a].[NormalizedName]
      FROM [AspNetRoles] AS [a]
      WHERE [a].[NormalizedName] = @__normalizedRoleName_0
info: Microsoft.EntityFrameworkCore.Database.Command[20101]
      Executed DbCommand (3ms) [Parameters=[@__userId_0='?' (DbType = Guid)], CommandType='Text', CommandTimeout='30']
      SELECT [a0].[Name]
      FROM [AspNetUserRoles] AS [a]
      INNER JOIN [AspNetRoles] AS [a0] ON [a].[RoleId] = [a0].[Id]
      WHERE [a].[UserId] = @__userId_0
info: Microsoft.EntityFrameworkCore.Database.Command[20101]
      Executed DbCommand (2ms) [Parameters=[@__get_Item_0='?' (DbType = Guid), @__get_Item_1='?' (DbType = Guid)], CommandType='Text', CommandTimeout='30']
      SELECT TOP(1) [a].[UserId], [a].[RoleId]
      FROM [AspNetUserRoles] AS [a]
      WHERE [a].[UserId] = @__get_Item_0 AND [a].[RoleId] = @__get_Item_1
info: Microsoft.EntityFrameworkCore.Database.Command[20101]
      Executed DbCommand (1ms) [Parameters=[@__normalizedRoleName_0='?' (Size = 256)], CommandType='Text', CommandTimeout='30']
      SELECT TOP(2) [a].[Id], [a].[ConcurrencyStamp], [a].[Name], [a].[NormalizedName]
      FROM [AspNetRoles] AS [a]
      WHERE [a].[NormalizedName] = @__normalizedRoleName_0
info: Microsoft.EntityFrameworkCore.Database.Command[20101]
      Executed DbCommand (1ms) [Parameters=[@__get_Item_0='?' (DbType = Guid), @__get_Item_1='?' (DbType = Guid)], CommandType='Text', CommandTimeout='30']
      SELECT TOP(1) [a].[UserId], [a].[RoleId]
      FROM [AspNetUserRoles] AS [a]
      WHERE [a].[UserId] = @__get_Item_0 AND [a].[RoleId] = @__get_Item_1
info: Microsoft.EntityFrameworkCore.Database.Command[20101]
      Executed DbCommand (0ms) [Parameters=[@__userId_0='?' (DbType = Guid)], CommandType='Text', CommandTimeout='30']
      SELECT [a0].[Name]
      FROM [AspNetUserRoles] AS [a]
      INNER JOIN [AspNetRoles] AS [a0] ON [a].[RoleId] = [a0].[Id]
      WHERE [a].[UserId] = @__userId_0
info: Microsoft.EntityFrameworkCore.Database.Command[20101]
      Executed DbCommand (1ms) [Parameters=[@__normalizedRoleName_0='?' (Size = 256)], CommandType='Text', CommandTimeout='30']
      SELECT TOP(2) [a].[Id], [a].[ConcurrencyStamp], [a].[Name], [a].[NormalizedName]
      FROM [AspNetRoles] AS [a]
      WHERE [a].[NormalizedName] = @__normalizedRoleName_0
info: Microsoft.EntityFrameworkCore.Database.Command[20101]
      Executed DbCommand (0ms) [Parameters=[@__get_Item_0='?' (DbType = Guid), @__get_Item_1='?' (DbType = Guid)], CommandType='Text', CommandTimeout='30']
      SELECT TOP(1) [a].[UserId], [a].[RoleId]
      FROM [AspNetUserRoles] AS [a]
      WHERE [a].[UserId] = @__get_Item_0 AND [a].[RoleId] = @__get_Item_1
info: Microsoft.EntityFrameworkCore.Database.Command[20101]
      Executed DbCommand (1ms) [Parameters=[@__normalizedRoleName_0='?' (Size = 256)], CommandType='Text', CommandTimeout='30']
      SELECT TOP(2) [a].[Id], [a].[ConcurrencyStamp], [a].[Name], [a].[NormalizedName]
      FROM [AspNetRoles] AS [a]
      WHERE [a].[NormalizedName] = @__normalizedRoleName_0
info: Microsoft.EntityFrameworkCore.Database.Command[20101]
      Executed DbCommand (0ms) [Parameters=[@__get_Item_0='?' (DbType = Guid), @__get_Item_1='?' (DbType = Guid)], CommandType='Text', CommandTimeout='30']
      SELECT TOP(1) [a].[UserId], [a].[RoleId]
      FROM [AspNetUserRoles] AS [a]
      WHERE [a].[UserId] = @__get_Item_0 AND [a].[RoleId] = @__get_Item_1
info: Microsoft.EntityFrameworkCore.Database.Command[20101]
      Executed DbCommand (0ms) [Parameters=[@__userId_0='?' (DbType = Guid)], CommandType='Text', CommandTimeout='30']
      SELECT [a0].[Name]
      FROM [AspNetUserRoles] AS [a]
      INNER JOIN [AspNetRoles] AS [a0] ON [a].[RoleId] = [a0].[Id]
      WHERE [a].[UserId] = @__userId_0
info: Microsoft.EntityFrameworkCore.Database.Command[20101]
      Executed DbCommand (20ms) [Parameters=[@__normalizedRoleName_0='?' (Size = 256)], CommandType='Text', CommandTimeout='30']
      SELECT TOP(2) [a].[Id], [a].[ConcurrencyStamp], [a].[Name], [a].[NormalizedName]
      FROM [AspNetRoles] AS [a]
      WHERE [a].[NormalizedName] = @__normalizedRoleName_0
info: Microsoft.EntityFrameworkCore.Database.Command[20101]
      Executed DbCommand (1ms) [Parameters=[@__normalizedRoleName_0='?' (Size = 256)], CommandType='Text', CommandTimeout='30']
      SELECT TOP(2) [a].[Id], [a].[ConcurrencyStamp], [a].[Name], [a].[NormalizedName]
      FROM [AspNetRoles] AS [a]
      WHERE [a].[NormalizedName] = @__normalizedRoleName_0
info: Microsoft.EntityFrameworkCore.Database.Command[20101]
      Executed DbCommand (10ms) [Parameters=[], CommandType='Text', CommandTimeout='30']
      SELECT [b].[Id], [b].[ApprovalStatus], [b].[AuthorName], [b].[CategoryId], [b].[Code], [b].[Condition], [b].[CreatedAt], [b].[CreatedBy], [b].[CreatedByName], [b].[CreatedByRole], [b].[Description], [b].[Featured], [b].[ImageUrl], [b].[ImportTicketId], [b].[IsActive], [b].[Language], [b].[OriginalPrice], [b].[Pages], [b].[Price], [b].[Publisher], [b].[RejectionNote], [b].[Seller], [b].[SellerNote], [b].[Stock], [b].[Title], [b].[Year], [c].[Id], [c].[Code], [c].[Description], [c].[Name]
      FROM [Books] AS [b]
      INNER JOIN [Categories] AS [c] ON [b].[CategoryId] = [c].[Id]
      ORDER BY [b].[CreatedAt] DESC
info: Microsoft.EntityFrameworkCore.Database.Command[20101]
      Executed DbCommand (6ms) [Parameters=[], CommandType='Text', CommandTimeout='30']
      SELECT [a].[Id], [a].[ApprovalStatus], [a].[BrandId], [a].[CreatedBy], [a].[CreatedByName], [a].[CreatedByRole], [a].[Description], [a].[ImageUrl], [a].[ImportTicketId], [a].[IsActive], [a].[Name], [a].[OriginalPrice], [a].[Price], [a].[RejectionNote], [a].[Stock], [a].[TypeId], [b].[Id], [b].[Description], [b].[Name], [a0].[Id], [a0].[Description], [a0].[Name]
      FROM [Accessories] AS [a]
      INNER JOIN [Brands] AS [b] ON [a].[BrandId] = [b].[Id]
      INNER JOIN [AccessoryTypes] AS [a0] ON [a].[TypeId] = [a0].[Id]
      ORDER BY [a].[Name]
info: Microsoft.EntityFrameworkCore.Database.Command[20101]
      Executed DbCommand (4ms) [Parameters=[@__customerId_0='?' (DbType = Guid)], CommandType='Text', CommandTimeout='30']
      SELECT [w].[Id], [w].[AccessoryId], [w].[BookId], [w].[CustomerId], [w].[UserId]
      FROM [WishlistItems] AS [w]
      WHERE [w].[CustomerId] = @__customerId_0
info: Microsoft.EntityFrameworkCore.Database.Command[20101]
      Executed DbCommand (10ms) [Parameters=[@__role_Id_0='?' (DbType = Guid)], CommandType='Text', CommandTimeout='30']
      SELECT [a0].[Id], [a0].[AccessFailedCount], [a0].[Address], [a0].[AvatarUrl], [a0].[ConcurrencyStamp], [a0].[Email], [a0].[EmailConfirmed], [a0].[FullName], [a0].[LockoutEnabled], [a0].[LockoutEnd], [a0].[NormalizedEmail], [a0].[NormalizedUserName], [a0].[PasswordHash], [a0].[PhoneNumber], [a0].[PhoneNumberConfirmed], [a0].[SecurityStamp], [a0].[TwoFactorEnabled], [a0].[UserName]
      FROM [AspNetUserRoles] AS [a]
      INNER JOIN [AspNetUsers] AS [a0] ON [a].[UserId] = [a0].[Id]
      WHERE [a].[RoleId] = @__role_Id_0
info: Microsoft.EntityFrameworkCore.Database.Command[20101]
      Executed DbCommand (10ms) [Parameters=[@__role_Id_0='?' (DbType = Guid)], CommandType='Text', CommandTimeout='30']
      SELECT [a0].[Id], [a0].[AccessFailedCount], [a0].[Address], [a0].[AvatarUrl], [a0].[ConcurrencyStamp], [a0].[Email], [a0].[EmailConfirmed], [a0].[FullName], [a0].[LockoutEnabled], [a0].[LockoutEnd], [a0].[NormalizedEmail], [a0].[NormalizedUserName], [a0].[PasswordHash], [a0].[PhoneNumber], [a0].[PhoneNumberConfirmed], [a0].[SecurityStamp], [a0].[TwoFactorEnabled], [a0].[UserName]
      FROM [AspNetUserRoles] AS [a]
      INNER JOIN [AspNetUsers] AS [a0] ON [a].[UserId] = [a0].[Id]
      WHERE [a].[RoleId] = @__role_Id_0
info: Microsoft.EntityFrameworkCore.Database.Command[20101]
      Executed DbCommand (1ms) [Parameters=[@__normalizedRoleName_0='?' (Size = 256)], CommandType='Text', CommandTimeout='30']
      SELECT TOP(2) [a].[Id], [a].[ConcurrencyStamp], [a].[Name], [a].[NormalizedName]
      FROM [AspNetRoles] AS [a]
      WHERE [a].[NormalizedName] = @__normalizedRoleName_0
info: Microsoft.EntityFrameworkCore.Database.Command[20101]
      Executed DbCommand (6ms) [Parameters=[@__userId_0='?' (DbType = Guid)], CommandType='Text', CommandTimeout='30']
      SELECT [a0].[Name]
      FROM [AspNetUserRoles] AS [a]
      INNER JOIN [AspNetRoles] AS [a0] ON [a].[RoleId] = [a0].[Id]
      WHERE [a].[UserId] = @__userId_0
info: Microsoft.EntityFrameworkCore.Database.Command[20101]
      Executed DbCommand (5ms) [Parameters=[@__get_Item_0='?' (DbType = Guid), @__get_Item_1='?' (DbType = Guid)], CommandType='Text', CommandTimeout='30']
      SELECT TOP(1) [a].[UserId], [a].[RoleId]
      FROM [AspNetUserRoles] AS [a]
      WHERE [a].[UserId] = @__get_Item_0 AND [a].[RoleId] = @__get_Item_1
info: Microsoft.EntityFrameworkCore.Database.Command[20101]
      Executed DbCommand (1ms) [Parameters=[@__normalizedRoleName_0='?' (Size = 256)], CommandType='Text', CommandTimeout='30']
      SELECT TOP(2) [a].[Id], [a].[ConcurrencyStamp], [a].[Name], [a].[NormalizedName]
      FROM [AspNetRoles] AS [a]
      WHERE [a].[NormalizedName] = @__normalizedRoleName_0
info: Microsoft.EntityFrameworkCore.Database.Command[20101]
      Executed DbCommand (0ms) [Parameters=[@__get_Item_0='?' (DbType = Guid), @__get_Item_1='?' (DbType = Guid)], CommandType='Text', CommandTimeout='30']
      SELECT TOP(1) [a].[UserId], [a].[RoleId]
      FROM [AspNetUserRoles] AS [a]
      WHERE [a].[UserId] = @__get_Item_0 AND [a].[RoleId] = @__get_Item_1
info: Microsoft.EntityFrameworkCore.Database.Command[20101]
      Executed DbCommand (1ms) [Parameters=[@__userId_0='?' (DbType = Guid)], CommandType='Text', CommandTimeout='30']
      SELECT [a0].[Name]
      FROM [AspNetUserRoles] AS [a]
      INNER JOIN [AspNetRoles] AS [a0] ON [a].[RoleId] = [a0].[Id]
      WHERE [a].[UserId] = @__userId_0
info: Microsoft.EntityFrameworkCore.Database.Command[20101]
      Executed DbCommand (1ms) [Parameters=[@__normalizedRoleName_0='?' (Size = 256)], CommandType='Text', CommandTimeout='30']
      SELECT TOP(2) [a].[Id], [a].[ConcurrencyStamp], [a].[Name], [a].[NormalizedName]
      FROM [AspNetRoles] AS [a]
      WHERE [a].[NormalizedName] = @__normalizedRoleName_0
info: Microsoft.EntityFrameworkCore.Database.Command[20101]
      Executed DbCommand (0ms) [Parameters=[@__get_Item_0='?' (DbType = Guid), @__get_Item_1='?' (DbType = Guid)], CommandType='Text', CommandTimeout='30']
      SELECT TOP(1) [a].[UserId], [a].[RoleId]
      FROM [AspNetUserRoles] AS [a]
      WHERE [a].[UserId] = @__get_Item_0 AND [a].[RoleId] = @__get_Item_1
info: Microsoft.EntityFrameworkCore.Database.Command[20101]
      Executed DbCommand (0ms) [Parameters=[@__normalizedRoleName_0='?' (Size = 256)], CommandType='Text', CommandTimeout='30']
      SELECT TOP(2) [a].[Id], [a].[ConcurrencyStamp], [a].[Name], [a].[NormalizedName]
      FROM [AspNetRoles] AS [a]
      WHERE [a].[NormalizedName] = @__normalizedRoleName_0
info: Microsoft.EntityFrameworkCore.Database.Command[20101]
      Executed DbCommand (1ms) [Parameters=[@__get_Item_0='?' (DbType = Guid), @__get_Item_1='?' (DbType = Guid)], CommandType='Text', CommandTimeout='30']
      SELECT TOP(1) [a].[UserId], [a].[RoleId]
      FROM [AspNetUserRoles] AS [a]
      WHERE [a].[UserId] = @__get_Item_0 AND [a].[RoleId] = @__get_Item_1
info: Microsoft.EntityFrameworkCore.Database.Command[20101]
      Executed DbCommand (1ms) [Parameters=[@__userId_0='?' (DbType = Guid)], CommandType='Text', CommandTimeout='30']
      SELECT [a0].[Name]
      FROM [AspNetUserRoles] AS [a]
      INNER JOIN [AspNetRoles] AS [a0] ON [a].[RoleId] = [a0].[Id]
      WHERE [a].[UserId] = @__userId_0
info: Microsoft.EntityFrameworkCore.Database.Command[20101]
      Executed DbCommand (3ms) [Parameters=[], CommandType='Text', CommandTimeout='30']
      SELECT [o].[Id], [o].[Status], [o].[TotalAmount], [o].[OrderDate]
      FROM [Orders] AS [o]
info: Microsoft.EntityFrameworkCore.Database.Command[20101]
      Executed DbCommand (7ms) [Parameters=[], CommandType='Text', CommandTimeout='30']
      SELECT [o].[ProductName], [o].[ProductTypeText], [o].[Quantity], [o].[Price], [o0].[Status] AS [OrderStatus]
      FROM [OrderItems] AS [o]
      INNER JOIN [Orders] AS [o0] ON [o].[OrderId] = [o0].[Id]
info: Microsoft.EntityFrameworkCore.Database.Command[20101]
      Executed DbCommand (5ms) [Parameters=[], CommandType='Text', CommandTimeout='30']
      SELECT [b].[Stock], [b].[IsActive], [b].[ApprovalStatus], [c].[Name] AS [Category]
      FROM [Books] AS [b]
      INNER JOIN [Categories] AS [c] ON [b].[CategoryId] = [c].[Id]
info: Microsoft.EntityFrameworkCore.Database.Command[20101]
      Executed DbCommand (3ms) [Parameters=[], CommandType='Text', CommandTimeout='30']
      SELECT [a].[Stock], [a].[IsActive], [a].[ApprovalStatus], [a0].[Name] AS [Category]
      FROM [Accessories] AS [a]
      INNER JOIN [AccessoryTypes] AS [a0] ON [a].[TypeId] = [a0].[Id]
info: Microsoft.EntityFrameworkCore.Database.Command[20101]
      Executed DbCommand (3ms) [Parameters=[], CommandType='Text', CommandTimeout='30']
      SELECT [b].[Status], [b].[ProposedPrice], [b].[ApprovedPrice]
      FROM [BuybackRequests] AS [b]
info: Microsoft.EntityFrameworkCore.Database.Command[20101]
      Executed DbCommand (1ms) [Parameters=[@__normalizedRoleName_0='?' (Size = 256)], CommandType='Text', CommandTimeout='30']
      SELECT TOP(2) [a].[Id], [a].[ConcurrencyStamp], [a].[Name], [a].[NormalizedName]
      FROM [AspNetRoles] AS [a]
      WHERE [a].[NormalizedName] = @__normalizedRoleName_0
info: Microsoft.EntityFrameworkCore.Database.Command[20101]
      Executed DbCommand (1ms) [Parameters=[@__role_Id_0='?' (DbType = Guid)], CommandType='Text', CommandTimeout='30']
      SELECT [a0].[Id], [a0].[AccessFailedCount], [a0].[Address], [a0].[AvatarUrl], [a0].[ConcurrencyStamp], [a0].[Email], [a0].[EmailConfirmed], [a0].[FullName], [a0].[LockoutEnabled], [a0].[LockoutEnd], [a0].[NormalizedEmail], [a0].[NormalizedUserName], [a0].[PasswordHash], [a0].[PhoneNumber], [a0].[PhoneNumberConfirmed], [a0].[SecurityStamp], [a0].[TwoFactorEnabled], [a0].[UserName]
      FROM [AspNetUserRoles] AS [a]
      INNER JOIN [AspNetUsers] AS [a0] ON [a].[UserId] = [a0].[Id]
      WHERE [a].[RoleId] = @__role_Id_0
info: Microsoft.EntityFrameworkCore.Database.Command[20101]
      Executed DbCommand (0ms) [Parameters=[@__normalizedRoleName_0='?' (Size = 256)], CommandType='Text', CommandTimeout='30']
      SELECT TOP(2) [a].[Id], [a].[ConcurrencyStamp], [a].[Name], [a].[NormalizedName]
      FROM [AspNetRoles] AS [a]
      WHERE [a].[NormalizedName] = @__normalizedRoleName_0
info: Microsoft.EntityFrameworkCore.Database.Command[20101]
      Executed DbCommand (0ms) [Parameters=[@__role_Id_0='?' (DbType = Guid)], CommandType='Text', CommandTimeout='30']
      SELECT [a0].[Id], [a0].[AccessFailedCount], [a0].[Address], [a0].[AvatarUrl], [a0].[ConcurrencyStamp], [a0].[Email], [a0].[EmailConfirmed], [a0].[FullName], [a0].[LockoutEnabled], [a0].[LockoutEnd], [a0].[NormalizedEmail], [a0].[NormalizedUserName], [a0].[PasswordHash], [a0].[PhoneNumber], [a0].[PhoneNumberConfirmed], [a0].[SecurityStamp], [a0].[TwoFactorEnabled], [a0].[UserName]
      FROM [AspNetUserRoles] AS [a]
      INNER JOIN [AspNetUsers] AS [a0] ON [a].[UserId] = [a0].[Id]
      WHERE [a].[RoleId] = @__role_Id_0
info: Microsoft.EntityFrameworkCore.Database.Command[20101]
      Executed DbCommand (1ms) [Parameters=[@__normalizedRoleName_0='?' (Size = 256)], CommandType='Text', CommandTimeout='30']
      SELECT TOP(2) [a].[Id], [a].[ConcurrencyStamp], [a].[Name], [a].[NormalizedName]
      FROM [AspNetRoles] AS [a]
      WHERE [a].[NormalizedName] = @__normalizedRoleName_0
info: Microsoft.EntityFrameworkCore.Database.Command[20101]
      Executed DbCommand (0ms) [Parameters=[@__role_Id_0='?' (DbType = Guid)], CommandType='Text', CommandTimeout='30']
      SELECT [a0].[Id], [a0].[AccessFailedCount], [a0].[Address], [a0].[AvatarUrl], [a0].[ConcurrencyStamp], [a0].[Email], [a0].[EmailConfirmed], [a0].[FullName], [a0].[LockoutEnabled], [a0].[LockoutEnd], [a0].[NormalizedEmail], [a0].[NormalizedUserName], [a0].[PasswordHash], [a0].[PhoneNumber], [a0].[PhoneNumberConfirmed], [a0].[SecurityStamp], [a0].[TwoFactorEnabled], [a0].[UserName]
      FROM [AspNetUserRoles] AS [a]
      INNER JOIN [AspNetUsers] AS [a0] ON [a].[UserId] = [a0].[Id]
      WHERE [a].[RoleId] = @__role_Id_0
info: Microsoft.EntityFrameworkCore.Database.Command[20101]
      Executed DbCommand (1ms) [Parameters=[], CommandType='Text', CommandTimeout='30']
      SELECT [a].[Id], [a].[ApprovalStatus], [a].[BrandId], [a].[CreatedBy], [a].[CreatedByName], [a].[CreatedByRole], [a].[Description], [a].[ImageUrl], [a].[ImportTicketId], [a].[IsActive], [a].[Name], [a].[OriginalPrice], [a].[Price], [a].[RejectionNote], [a].[Stock], [a].[TypeId], [b].[Id], [b].[Description], [b].[Name], [a0].[Id], [a0].[Description], [a0].[Name]
      FROM [Accessories] AS [a]
      INNER JOIN [Brands] AS [b] ON [a].[BrandId] = [b].[Id]
      INNER JOIN [AccessoryTypes] AS [a0] ON [a].[TypeId] = [a0].[Id]
      ORDER BY [a].[Name]
info: Microsoft.EntityFrameworkCore.Database.Command[20101]
      Executed DbCommand (1ms) [Parameters=[], CommandType='Text', CommandTimeout='30']
      SELECT [b].[Id], [b].[ApprovalStatus], [b].[AuthorName], [b].[CategoryId], [b].[Code], [b].[Condition], [b].[CreatedAt], [b].[CreatedBy], [b].[CreatedByName], [b].[CreatedByRole], [b].[Description], [b].[Featured], [b].[ImageUrl], [b].[ImportTicketId], [b].[IsActive], [b].[Language], [b].[OriginalPrice], [b].[Pages], [b].[Price], [b].[Publisher], [b].[RejectionNote], [b].[Seller], [b].[SellerNote], [b].[Stock], [b].[Title], [b].[Year], [c].[Id], [c].[Code], [c].[Description], [c].[Name]
      FROM [Books] AS [b]
      INNER JOIN [Categories] AS [c] ON [b].[CategoryId] = [c].[Id]
      ORDER BY [b].[CreatedAt] DESC
info: Microsoft.EntityFrameworkCore.Database.Command[20101]
      Executed DbCommand (1ms) [Parameters=[@__normalizedRoleName_0='?' (Size = 256)], CommandType='Text', CommandTimeout='30']
      SELECT TOP(2) [a].[Id], [a].[ConcurrencyStamp], [a].[Name], [a].[NormalizedName]
      FROM [AspNetRoles] AS [a]
      WHERE [a].[NormalizedName] = @__normalizedRoleName_0
info: Microsoft.EntityFrameworkCore.Database.Command[20101]
      Executed DbCommand (0ms) [Parameters=[@__normalizedRoleName_0='?' (Size = 256)], CommandType='Text', CommandTimeout='30']
      SELECT TOP(2) [a].[Id], [a].[ConcurrencyStamp], [a].[Name], [a].[NormalizedName]
      FROM [AspNetRoles] AS [a]
      WHERE [a].[NormalizedName] = @__normalizedRoleName_0
info: Microsoft.EntityFrameworkCore.Database.Command[20101]
      Executed DbCommand (1ms) [Parameters=[@__role_Id_0='?' (DbType = Guid)], CommandType='Text', CommandTimeout='30']
      SELECT [a0].[Id], [a0].[AccessFailedCount], [a0].[Address], [a0].[AvatarUrl], [a0].[ConcurrencyStamp], [a0].[Email], [a0].[EmailConfirmed], [a0].[FullName], [a0].[LockoutEnabled], [a0].[LockoutEnd], [a0].[NormalizedEmail], [a0].[NormalizedUserName], [a0].[PasswordHash], [a0].[PhoneNumber], [a0].[PhoneNumberConfirmed], [a0].[SecurityStamp], [a0].[TwoFactorEnabled], [a0].[UserName]
      FROM [AspNetUserRoles] AS [a]
      INNER JOIN [AspNetUsers] AS [a0] ON [a].[UserId] = [a0].[Id]
      WHERE [a].[RoleId] = @__role_Id_0
info: Microsoft.EntityFrameworkCore.Database.Command[20101]
      Executed DbCommand (1ms) [Parameters=[@__role_Id_0='?' (DbType = Guid)], CommandType='Text', CommandTimeout='30']
      SELECT [a0].[Id], [a0].[AccessFailedCount], [a0].[Address], [a0].[AvatarUrl], [a0].[ConcurrencyStamp], [a0].[Email], [a0].[EmailConfirmed], [a0].[FullName], [a0].[LockoutEnabled], [a0].[LockoutEnd], [a0].[NormalizedEmail], [a0].[NormalizedUserName], [a0].[PasswordHash], [a0].[PhoneNumber], [a0].[PhoneNumberConfirmed], [a0].[SecurityStamp], [a0].[TwoFactorEnabled], [a0].[UserName]
      FROM [AspNetUserRoles] AS [a]
      INNER JOIN [AspNetUsers] AS [a0] ON [a].[UserId] = [a0].[Id]
      WHERE [a].[RoleId] = @__role_Id_0
info: Microsoft.EntityFrameworkCore.Database.Command[20101]
      Executed DbCommand (1ms) [Parameters=[@__userId_0='?' (DbType = Guid)], CommandType='Text', CommandTimeout='30']
      SELECT [a0].[Name]
      FROM [AspNetUserRoles] AS [a]
      INNER JOIN [AspNetRoles] AS [a0] ON [a].[RoleId] = [a0].[Id]
      WHERE [a].[UserId] = @__userId_0
info: Microsoft.EntityFrameworkCore.Database.Command[20101]
      Executed DbCommand (1ms) [Parameters=[@__normalizedRoleName_0='?' (Size = 256)], CommandType='Text', CommandTimeout='30']
      SELECT TOP(2) [a].[Id], [a].[ConcurrencyStamp], [a].[Name], [a].[NormalizedName]
      FROM [AspNetRoles] AS [a]
      WHERE [a].[NormalizedName] = @__normalizedRoleName_0
info: Microsoft.EntityFrameworkCore.Database.Command[20101]
      Executed DbCommand (1ms) [Parameters=[@__get_Item_0='?' (DbType = Guid), @__get_Item_1='?' (DbType = Guid)], CommandType='Text', CommandTimeout='30']
      SELECT TOP(1) [a].[UserId], [a].[RoleId]
      FROM [AspNetUserRoles] AS [a]
      WHERE [a].[UserId] = @__get_Item_0 AND [a].[RoleId] = @__get_Item_1
info: Microsoft.EntityFrameworkCore.Database.Command[20101]
      Executed DbCommand (1ms) [Parameters=[@__normalizedRoleName_0='?' (Size = 256)], CommandType='Text', CommandTimeout='30']
      SELECT TOP(2) [a].[Id], [a].[ConcurrencyStamp], [a].[Name], [a].[NormalizedName]
      FROM [AspNetRoles] AS [a]
      WHERE [a].[NormalizedName] = @__normalizedRoleName_0
info: Microsoft.EntityFrameworkCore.Database.Command[20101]
      Executed DbCommand (1ms) [Parameters=[@__get_Item_0='?' (DbType = Guid), @__get_Item_1='?' (DbType = Guid)], CommandType='Text', CommandTimeout='30']
      SELECT TOP(1) [a].[UserId], [a].[RoleId]
      FROM [AspNetUserRoles] AS [a]
      WHERE [a].[UserId] = @__get_Item_0 AND [a].[RoleId] = @__get_Item_1
info: Microsoft.EntityFrameworkCore.Database.Command[20101]
      Executed DbCommand (0ms) [Parameters=[@__userId_0='?' (DbType = Guid)], CommandType='Text', CommandTimeout='30']
      SELECT [a0].[Name]
      FROM [AspNetUserRoles] AS [a]
      INNER JOIN [AspNetRoles] AS [a0] ON [a].[RoleId] = [a0].[Id]
      WHERE [a].[UserId] = @__userId_0
info: Microsoft.EntityFrameworkCore.Database.Command[20101]
      Executed DbCommand (1ms) [Parameters=[@__normalizedRoleName_0='?' (Size = 256)], CommandType='Text', CommandTimeout='30']
      SELECT TOP(2) [a].[Id], [a].[ConcurrencyStamp], [a].[Name], [a].[NormalizedName]
      FROM [AspNetRoles] AS [a]
      WHERE [a].[NormalizedName] = @__normalizedRoleName_0
info: Microsoft.EntityFrameworkCore.Database.Command[20101]
      Executed DbCommand (0ms) [Parameters=[@__get_Item_0='?' (DbType = Guid), @__get_Item_1='?' (DbType = Guid)], CommandType='Text', CommandTimeout='30']
      SELECT TOP(1) [a].[UserId], [a].[RoleId]
      FROM [AspNetUserRoles] AS [a]
      WHERE [a].[UserId] = @__get_Item_0 AND [a].[RoleId] = @__get_Item_1
info: Microsoft.EntityFrameworkCore.Database.Command[20101]
      Executed DbCommand (0ms) [Parameters=[@__normalizedRoleName_0='?' (Size = 256)], CommandType='Text', CommandTimeout='30']
      SELECT TOP(2) [a].[Id], [a].[ConcurrencyStamp], [a].[Name], [a].[NormalizedName]
      FROM [AspNetRoles] AS [a]
      WHERE [a].[NormalizedName] = @__normalizedRoleName_0
info: Microsoft.EntityFrameworkCore.Database.Command[20101]
      Executed DbCommand (0ms) [Parameters=[@__get_Item_0='?' (DbType = Guid), @__get_Item_1='?' (DbType = Guid)], CommandType='Text', CommandTimeout='30']
      SELECT TOP(1) [a].[UserId], [a].[RoleId]
      FROM [AspNetUserRoles] AS [a]
      WHERE [a].[UserId] = @__get_Item_0 AND [a].[RoleId] = @__get_Item_1
info: Microsoft.EntityFrameworkCore.Database.Command[20101]
      Executed DbCommand (0ms) [Parameters=[@__userId_0='?' (DbType = Guid)], CommandType='Text', CommandTimeout='30']
      SELECT [a0].[Name]
      FROM [AspNetUserRoles] AS [a]
      INNER JOIN [AspNetRoles] AS [a0] ON [a].[RoleId] = [a0].[Id]
      WHERE [a].[UserId] = @__userId_0
info: Microsoft.EntityFrameworkCore.Database.Command[20101]
      Executed DbCommand (1ms) [Parameters=[], CommandType='Text', CommandTimeout='30']
      SELECT [o].[Id], [o].[Status], [o].[TotalAmount], [o].[OrderDate]
      FROM [Orders] AS [o]
info: Microsoft.EntityFrameworkCore.Database.Command[20101]
      Executed DbCommand (0ms) [Parameters=[], CommandType='Text', CommandTimeout='30']
      SELECT [o].[ProductName], [o].[ProductTypeText], [o].[Quantity], [o].[Price], [o0].[Status] AS [OrderStatus]
      FROM [OrderItems] AS [o]
      INNER JOIN [Orders] AS [o0] ON [o].[OrderId] = [o0].[Id]
info: Microsoft.EntityFrameworkCore.Database.Command[20101]
      Executed DbCommand (1ms) [Parameters=[], CommandType='Text', CommandTimeout='30']
      SELECT [b].[Stock], [b].[IsActive], [b].[ApprovalStatus], [c].[Name] AS [Category]
      FROM [Books] AS [b]
      INNER JOIN [Categories] AS [c] ON [b].[CategoryId] = [c].[Id]
info: Microsoft.EntityFrameworkCore.Database.Command[20101]
      Executed DbCommand (0ms) [Parameters=[], CommandType='Text', CommandTimeout='30']
      SELECT [a].[Stock], [a].[IsActive], [a].[ApprovalStatus], [a0].[Name] AS [Category]
      FROM [Accessories] AS [a]
      INNER JOIN [AccessoryTypes] AS [a0] ON [a].[TypeId] = [a0].[Id]
info: Microsoft.EntityFrameworkCore.Database.Command[20101]
      Executed DbCommand (0ms) [Parameters=[], CommandType='Text', CommandTimeout='30']
      SELECT [b].[Status], [b].[ProposedPrice], [b].[ApprovedPrice]
      FROM [BuybackRequests] AS [b]
info: Microsoft.EntityFrameworkCore.Database.Command[20101]
      Executed DbCommand (1ms) [Parameters=[@__normalizedRoleName_0='?' (Size = 256)], CommandType='Text', CommandTimeout='30']
      SELECT TOP(2) [a].[Id], [a].[ConcurrencyStamp], [a].[Name], [a].[NormalizedName]
      FROM [AspNetRoles] AS [a]
      WHERE [a].[NormalizedName] = @__normalizedRoleName_0
info: Microsoft.EntityFrameworkCore.Database.Command[20101]
      Executed DbCommand (0ms) [Parameters=[@__role_Id_0='?' (DbType = Guid)], CommandType='Text', CommandTimeout='30']
      SELECT [a0].[Id], [a0].[AccessFailedCount], [a0].[Address], [a0].[AvatarUrl], [a0].[ConcurrencyStamp], [a0].[Email], [a0].[EmailConfirmed], [a0].[FullName], [a0].[LockoutEnabled], [a0].[LockoutEnd], [a0].[NormalizedEmail], [a0].[NormalizedUserName], [a0].[PasswordHash], [a0].[PhoneNumber], [a0].[PhoneNumberConfirmed], [a0].[SecurityStamp], [a0].[TwoFactorEnabled], [a0].[UserName]
      FROM [AspNetUserRoles] AS [a]
      INNER JOIN [AspNetUsers] AS [a0] ON [a].[UserId] = [a0].[Id]
      WHERE [a].[RoleId] = @__role_Id_0
info: Microsoft.EntityFrameworkCore.Database.Command[20101]
      Executed DbCommand (0ms) [Parameters=[@__normalizedRoleName_0='?' (Size = 256)], CommandType='Text', CommandTimeout='30']
      SELECT TOP(2) [a].[Id], [a].[ConcurrencyStamp], [a].[Name], [a].[NormalizedName]
      FROM [AspNetRoles] AS [a]
      WHERE [a].[NormalizedName] = @__normalizedRoleName_0
info: Microsoft.EntityFrameworkCore.Database.Command[20101]
      Executed DbCommand (0ms) [Parameters=[@__role_Id_0='?' (DbType = Guid)], CommandType='Text', CommandTimeout='30']
      SELECT [a0].[Id], [a0].[AccessFailedCount], [a0].[Address], [a0].[AvatarUrl], [a0].[ConcurrencyStamp], [a0].[Email], [a0].[EmailConfirmed], [a0].[FullName], [a0].[LockoutEnabled], [a0].[LockoutEnd], [a0].[NormalizedEmail], [a0].[NormalizedUserName], [a0].[PasswordHash], [a0].[PhoneNumber], [a0].[PhoneNumberConfirmed], [a0].[SecurityStamp], [a0].[TwoFactorEnabled], [a0].[UserName]
      FROM [AspNetUserRoles] AS [a]
      INNER JOIN [AspNetUsers] AS [a0] ON [a].[UserId] = [a0].[Id]
      WHERE [a].[RoleId] = @__role_Id_0
info: Microsoft.EntityFrameworkCore.Database.Command[20101]
      Executed DbCommand (0ms) [Parameters=[@__normalizedRoleName_0='?' (Size = 256)], CommandType='Text', CommandTimeout='30']
      SELECT TOP(2) [a].[Id], [a].[ConcurrencyStamp], [a].[Name], [a].[NormalizedName]
      FROM [AspNetRoles] AS [a]
      WHERE [a].[NormalizedName] = @__normalizedRoleName_0
info: Microsoft.EntityFrameworkCore.Database.Command[20101]
      Executed DbCommand (0ms) [Parameters=[@__role_Id_0='?' (DbType = Guid)], CommandType='Text', CommandTimeout='30']
      SELECT [a0].[Id], [a0].[AccessFailedCount], [a0].[Address], [a0].[AvatarUrl], [a0].[ConcurrencyStamp], [a0].[Email], [a0].[EmailConfirmed], [a0].[FullName], [a0].[LockoutEnabled], [a0].[LockoutEnd], [a0].[NormalizedEmail], [a0].[NormalizedUserName], [a0].[PasswordHash], [a0].[PhoneNumber], [a0].[PhoneNumberConfirmed], [a0].[SecurityStamp], [a0].[TwoFactorEnabled], [a0].[UserName]
      FROM [AspNetUserRoles] AS [a]
      INNER JOIN [AspNetUsers] AS [a0] ON [a].[UserId] = [a0].[Id]
      WHERE [a].[RoleId] = @__role_Id_0
